id,name,english_name,latin_name,summary,lat,lng
bird-red-crowned-crane,丹顶鹤,Red-crowned Crane,Grus japonensis,东亚大型涉禽，依赖高质量湿地和浅水沼泽，是区域湿地健康的重要指示物种。,47.216,124.168
bird-crested-ibis,朱鹮,Crested Ibis,Nipponia nippon,一度在野外接近消失，后依托人工繁育和重引入逐步恢复，是中国保护生物学的代表物种。,33.223,107.546
bird-chinese-merganser,中华秋沙鸭,Chinese Merganser,Mergus squamatus,东亚稀有鸭类，对山地河流和成熟阔叶林依赖度高，繁殖地零散且敏感。,42.034,128.073
bird-spoon-billed-sandpiper,勺嘴鹬,Spoon-billed Sandpiper,Calidris pygmaea,极危小型滨鸟，迁飞链高度依赖黄海与东南亚滩涂，种群数量极低。,22.494,114.042
bird-black-faced-spoonbill,黑脸琵鹭,Black-faced Spoonbill,Platalea minor,东亚沿海旗舰水鸟，依赖海湾、泻湖和河口湿地，是跨国迁徙保护合作的重要物种。,23.007,120.129
bird-california-condor,加州神鹫,California Condor,Gymnogyps californianus,北美大型食腐鸟，经过长期圈养繁殖与放归后恢复中，但仍高度依赖持续管理。,35.365,-120.848
bird-philippine-eagle,菲律宾鹰,Philippine Eagle,Pithecophaga jefferyi,菲律宾雨林顶级掠食者，对原生低地和山地森林连通性要求极高。,7.101,125.274
bird-kakapo,鸮鹦鹉,Kakapo,Strigops habroptilus,新西兰夜行性不会飞的鹦鹉，完全依赖离岸岛保护与人工监测，是岛屿保育经典案例。,-45.417,167.718
bird-emperor-penguin,帝企鹅,Emperor Penguin,Aptenodytes forsteri,南极标志性海鸟，对稳定海冰平台和海洋食物网变化高度敏感。,-77.5,179.0
bird-grey-crowned-crane,灰冠鹤,Grey Crowned Crane,Balearica regulorum,东非稀树草原和湿地的标志性鸟类，常因湿地丧失和捕捉贸易而衰退。,-1.242,33.061
bird-索马里鸵鸟-5963dd76,索马里鸵鸟,Somali ostrich,Struthio molybdophanes,灰颈鸵鸟（台湾作索馬利亞鴕鳥）（学名：Struthio molybdophanes），為野生鴕鳥中最高的，曾归类为鸵鸟的亚种之一，从2014年开始被视为独立的物种。 特徵 索馬利亞鴕鳥大致上外觀與鴕鳥類似，頭冠與北非鴕鳥相似，但有一寬闊白色頸環，頸部及腿部皮膚呈藍灰色。公鳥羽毛…,9,48
bird-鸵鸟-544838db,鸵鸟,Common ostrich,Struthio camelus,非洲鸵鸟（学名：Struthio camelus）属鸵形目鸵鸟科，是世界上最大的一种鸟类，生活于非洲的沙漠草地和稀树草原地带，因其羽、皮及肉等都有很高的经济价值，有生长快、繁殖力强、易饲养和抗病力强等优点，在许多国家被广泛驯养。相較於其他鳥類，鴕鳥的習性其實與草食哺乳類較為相近…,23,13
bird-鸸鹋-77c47f58,鸸鹋,Emu,Dromaius novaehollandiae,鸸（ér）鹋（miáo）（學名：Dromaius novaehollandiae，音同“而苗”），俗稱澳洲鴕鳥，為鸸鹋属唯一的物种，是現存世上第二大的鳥類，僅次於鴕鳥。由於僅分布於澳洲，是澳洲國徽上的動物之一。 特徵 鴯鶓有三根腳趾且呈三趾腳型；這種適應奔跑的情況在其他鳥種身上…,,
bird-南方鶴鴕-f102c4f0,南方鶴鴕,Southern cassowary,Casuarius casuarius,南方鶴鴕（學名：Casuarius casuarius），又稱雙垂鶴鴕，是一種不能飛的大鳥，屬於鶴鴕目鶴鴕屬。 特徵 南方鶴鴕是澳洲第二大的鳥，而在世界上則是第三大，僅次於鴕鳥及鸸鹋。成年南方鶴鴕身高平均約1.2-1.7米高，最高可到1.9米，體重平均約17~70公斤，本種為兩…,-17.5569,146.0886
bird-侏鶴鴕-7750c889,侏鶴鴕,Dwarf cassowary,Casuarius bennetti,侏鹤鸵（学名：Casuarius bennetti），是鹤鸵目鹤鸵科的一种鸟类。 特征 侏鹤鸵体重34999.99克，翼长216.8毫米，嘴峰长73.8毫米，喙宽度10.8毫米，喙厚度16.1毫米，跗蹠长260毫米，尾长318.8毫米。侏鹤鸵在其分布区内为留鸟，其栖息在密集的高…,,
bird-北方鶴鴕-bd70c427,北方鶴鴕,Northern cassowary,Casuarius unappendiculatus,北方鶴鴕（學名：Casuarius unappendiculatus），又稱單垂鶴鴕，站立時身高可達1.6公尺，頸部為金色，這點跟雙垂鶴鴕不同，且體型亦比其小，這種鳥分佈在紐幾內亞北部。 参考资料,,
bird-小斑几维鸟-0c3e7e59,小斑几维鸟,Little spotted kiwi,Apteryx owenii,小斑几维（学名：Apteryx owenii；英语：little spotted kiwi、little grey kiwi）是无翼属最小的一种鸟类，重不超过2公斤。它原产于新西兰，殖民者到来之前广泛分布于南北两岛，现在仅见于几个保护区和离岸小岛。 特征 栖息在密集的高大的树木…,,
bird-大斑几维鸟-4583cc60,大斑几维鸟,Great spotted kiwi,Apteryx maxima,大斑几维（学名：Apteryx haastii；英语：great spotted kiwi、great grey kiwi）是无翼属最大的一种鸟类，原产于新西兰的南岛。它生活在高海拔地区，因此受入侵物种影响较小，相对其他几维鸟来说，数量下降速度不快（但在过去45年中仍下降了43…,-41.72916667,171.58888889
bird-南方褐鷸鴕-19f12edd,南方褐鷸鴕,Southern brown kiwi,Apteryx australis,褐几维（學名：Apteryx australis，台湾作南方褐鷸鴕），又名大奇威鳥，是无翼属下的一種鳥類。這個物種栖息在密集的高大的树木组成的森林中。褐几维体长45-55厘米，雌性重2.1-3.9千克，雄性重1.6-2.8千克。褐几维在其分布区内为留鸟，其食性为肉食性，主要食物…,,
bird-白眶几维-a4422135,白眶几维,Okarito kiwi,Apteryx rowi,白眶几维（台湾作奧卡里多褐鷸鴕）（学名：Apteryx rowi），是鹬鸵目鹬鸵科的一种鸟类，栖息在密集的高大的树木组成的森林中。白眶几维体重1924克，翼长0.1毫米，嘴峰长157毫米，喙宽度4.7毫米，喙厚度5.3毫米，跗蹠长84毫米，尾长0.1毫米。白眶几维在其分布区内为…,-43.2,170.21666667
bird-北岛褐几维-df9b55f6,北岛褐几维,North Island brown kiwi,Apteryx mantelli,北岛褐几维（台湾作北島褐鷸鴕）（学名：Apteryx mantelli），是鹬鸵目鹬鸵科的一种鸟类，栖息在密集的高大的树木组成的森林中，与褐几维曾被视为同一物种。北岛褐几维身长40厘米，雌性体重2.6千克，雄性体重2.0千克。北岛褐几维在其分布区内为留鸟，其食性为肉食性，主要食…,,
bird-小美洲鸵-5f44f537,小美洲鸵,Darwin's rhea,Rhea pennata,小美洲鴕（Rhea pennata），又名達爾文鶆䴈，是美洲鸵属两个现存物種中较小的一个。 特徵 小美洲鴕高90-100厘米，重15-25公斤。牠們的翼較其他鴕鳥大，故奔跑得很好。牠們最高速可達每小時60公里，可以脫離掠食者的追捕。牠們的爪很鋒利，是很有效的武器。牠們的羽毛有褐…,-19,-68
bird-大美洲鸵-a90365ac,大美洲鸵,Greater rhea,Rhea americana,大美洲鸵（學名：Rhea americana），是南美洲的一种鴕鳥，別名三趾鴕鳥或鶆䴈，是美洲最大鳥類，不能飞行，脚上有3枚向前的趾。美洲鸵鸟分布于南美洲廣闊的草原上，體長約150公分，食物為植物種子、根和昆蟲。 美洲鸵鸟喜欢结群生活，一雄多雌婚配制度，两性的羽色十分相似，雄鸟…,-34,-64
bird-北山-15197441,北山䳍,Puna tinamou,Tinamotis pentlandii,北山䳍（台湾作普納高原䳍）（学名：Tinamotis pentlandii），是䳍形目䳍科的一种鸟类。 特征 北山䳍体重约650克，翼长约253.4毫米，嘴峰长约31.2毫米，喙宽度约7.4毫米，喙厚度约7.5毫米，跗蹠长约47.6毫米，尾长约69.2毫米。北山䳍在其分布区内为…,-32,-70
bird-南山-7da61ee6,南山䳍,Patagonian tinamou,Tinamotis ingoufi,南山䳍（台湾作巴塔哥尼亞高原䳍）（学名：Tinamotis ingoufi），是䳍形目䳍科的一种鸟类。 特征 南山䳍体重约950克，翼长约215.2毫米，嘴峰长约28.6毫米，喙宽度约7.2毫米，喙厚度约6.8毫米，跗蹠长约43.6毫米，尾长约57.3毫米。南山䳍在其分布区内为…,-34,-71
bird-棕凤头-e3da02de,棕凤头䳍,Quebracho crested tinamou,Eudromia formosa,棕凤头䳍（台湾作麗色鳳頭䳍）（学名：Eudromia formosa），是䳍形目䳍科的一种鸟类。 特征 棕凤头䳍体重约772.93克，翼长约223.9毫米，嘴峰长约32.5毫米，喙宽度约7.9毫米，喙厚度约8.2毫米，跗蹠长约49.5毫米，尾长约78毫米。棕凤头䳍在其分布区内为…,-23,-58
bird-凤头-97f43782,凤头䳍,Elegant crested tinamou,Eudromia elegans,凤头䳍（学名：Eudromia elegans），是䳍形目䳍科的一种鸟类。 特征 凤头䳍体重约702.9克，翼长约215.3毫米，嘴峰长约29.1毫米，喙宽度约7.4毫米，喙厚度约7.4毫米，跗蹠长约44毫米，尾长约85.8毫米。凤头䳍在其分布区内为留鸟，其栖息在半开放的灌木丛…,-34,-71
bird-侏-51d408ae,侏䳍,Dwarf tinamou,Taoniscus nanus,侏䳍（学名：Taoniscus nanus），是䳍形目䳍科侏䳍属的唯一物种。 特征 侏䳍体重约43克，翼长约76.6毫米，嘴峰长约14.8毫米，喙宽度约3.1毫米，喙厚度约3.1毫米，跗蹠长约18.4毫米，尾长约34.8毫米。侏䳍在其分布区内为留鸟，其栖息在半开放的草原环境中，…,-10,-52
bird-白腹拟-aae08bfa,白腹拟䳍,White-bellied nothura,Nothura boraquira,白腹拟䳍（学名：Nothura boraquira），是䳍形目䳍科的一种鸟类。 特征 白腹拟䳍体重约283克，翼长约133.2毫米，嘴峰长约21.5毫米，喙宽度约5.7毫米，喙厚度约4.7毫米，跗蹠长约31.1毫米，尾长约47.2毫米。白腹拟䳍在其分布区内为留鸟，其栖息在半开放…,-16.712,-64.666
bird-小拟-4f2041c4,小拟䳍,Lesser nothura,Nothura minor,小拟䳍（学名：Nothura minor），是䳍形目䳍科的一种鸟类。 特征 小拟䳍体重约165.8克，翼长约110毫米，嘴峰长约19.4毫米，喙宽度约5毫米，喙厚度约4.1毫米，跗蹠长约27毫米，尾长约47毫米。小拟䳍在其分布区内为留鸟，其栖息在半开放的草原环境中，食性为草食性。,-20.27,-46.61
bird-达尔文拟-81acce91,达尔文拟䳍,Darwin's nothura,Nothura darwinii,达尔文拟䳍（学名：Nothura darwinii），是䳍形目䳍科的一种鸟类。 特征 达尔文拟䳍体重约244.58克，翼长约126.4毫米，嘴峰长约20.4毫米，喙宽度约5.6毫米，喙厚度约4.6毫米，跗蹠长约28.9毫米，尾长约62.4毫米。达尔文拟䳍在其分布区内为留鸟，其栖…,-32,-70
bird-斑拟-72b6ad82,斑拟䳍,Spotted nothura,Nothura maculosa,斑拟䳍（学名：Nothura maculosa），是䳍形目䳍科的一种鸟类。 特征 斑拟䳍体重约257.48克，翼长约124.1毫米，嘴峰长约19.7毫米，喙宽度约5.8毫米，喙厚度约5.2毫米，跗蹠长约34.7毫米，尾长约42.5毫米。斑拟䳍在其分布区内为留鸟，其栖息在半开放的…,-10,-52
bird-哨音红翅-d0cc42b0,哨音红翅䳍,Huayco tinamou,Rhynchotus maculicollis,哨音红翅䳍（台湾作懷科紅翅䳍）（学名：Rhynchotus maculicollis），是䳍形目䳍科的一种鸟类。 特征 哨音红翅䳍体重约843.47克，翼长约212毫米，嘴峰长约46.3毫米，喙宽度约9毫米，喙厚度约9毫米，跗蹠长约55.9毫米，尾长约77.2毫米。哨音红翅䳍在…,,
bird-红翅-9d0d5dd1,红翅䳍,Red-winged tinamou,Rhynchotus rufescens,红翅䳍（学名：Rhynchotus rufescens），是䳍形目䳍科的一种鸟类。 特征 红翅䳍体重约843.47克，翼长约208.8毫米，嘴峰长约41.5毫米，喙宽度约8.8毫米，喙厚度约8.7毫米，跗蹠长约56.6毫米，尾长约56.6毫米。红翅䳍在其分布区内为留鸟，其栖息在…,,
bird-高山斑-ed9c8c00,高山斑䳍,Taczanowski's tinamou,Nothoprocta taczanowskii,高山斑𮭥（台湾作高山鴇尾䳍）（学名：Nothoprocta taczanowskii），是䳍形目䳍科的一种鸟类。 特征 高山斑䳍体重约619.3克，翼长约181毫米，嘴峰长约43.6毫米，喙宽度约9.7毫米，喙厚度约9.1毫米，跗蹠长约48.6毫米，尾长约67毫米。高山斑䳍在其…,-32,-70
bird-丽色斑-9f60d0e1,丽色斑䳍,Ornate tinamou,Nothoprocta ornata,丽色斑䳍（台湾作麗色鴇尾䳍）（学名：Nothoprocta ornata），是䳍形目䳍科的一种鸟类。 特征 丽色斑䳍体重约619.27克，翼长约185.6毫米，嘴峰长约30.9毫米，喙宽度约7.3毫米，喙厚度约7.1毫米，跗蹠长约38.3毫米，尾长约66毫米。丽色斑䳍在其分布区…,-32,-70
bird-智利斑-7ddb372b,智利斑䳍,Chilean tinamou,Nothoprocta perdicaria,智利斑䳍（台湾作智利鴇尾䳍）（学名：Nothoprocta perdicaria），是䳍形目䳍科的一种鸟类。 特征 智利斑䳍体重约458克，翼长约161.5毫米，嘴峰长约26毫米，喙宽度约5.9毫米，喙厚度约5.5毫米，跗蹠长约34.7毫米，尾长约50.7毫米。智利斑䳍在其分布…,-41.47166667,-72.93666667
bird-灰斑-aa8f8ea6,灰斑䳍,Brushland tinamou,Nothoprocta cinerascens,灰斑䳍（台湾作灰鴇尾䳍）（学名：Nothoprocta cinerascens），是䳍形目䳍科的一种鸟类。 特征 灰斑䳍体重约523.89克，翼长约180.8毫米，嘴峰长约32.8毫米，喙宽度约7.5毫米，喙厚度约7.4毫米，跗蹠长约38.8毫米，尾长约61.6毫米。灰斑䳍在其…,-16.712,-64.666
bird-安第斯斑-240bdb56,安第斯斑䳍,Andean tinamou,Nothoprocta pentlandii,安第斯斑䳍（台湾作安地斯鴇尾䳍）（学名：Nothoprocta pentlandii），是䳍形目䳍科的一种鸟类。 特征 安第斯斑䳍体重约300.73克，翼长约148.2毫米，嘴峰长约27.9毫米，喙宽度约5.9毫米，喙厚度约5.9毫米，跗蹠长约37毫米，尾长约53.4毫米。安第…,-32,-70
bird-弯嘴斑-f0ee38a6,弯嘴斑䳍,Curve-billed tinamou,Nothoprocta curvirostris,弯嘴斑䳍（台湾作彎嘴鴇尾䳍）（学名：Nothoprocta curvirostris），是䳍形目䳍科的一种鸟类。 特征 弯嘴斑䳍体重约376克，翼长约160.2毫米，嘴峰长约29.4毫米，喙宽度约5.7毫米，喙厚度约5.9毫米，跗蹠长约34.6毫米，尾长约55.2毫米。弯嘴斑䳍…,-32,-70
bird-红头林-35f7d88e,红头林䳍,Tawny-breasted tinamou,Nothocercus julius,红头林䳍（台湾作茶胸林䳍）（学名：Nothocercus julius），是䳍形目䳍科的一种鸟类。 特征 红头林䳍体重约693克，翼长约191.2毫米，嘴峰长约33毫米，喙宽度约4.6毫米，喙厚度约6.2毫米，跗蹠长约58.8毫米，尾长约51.6毫米。红头林䳍在其分布区内为留鸟…,-32,-70
bird-黑头林-64bb8038,黑头林䳍,Highland tinamou,Nothocercus bonapartei,黑头林䳍（台湾作高原林䳍）（学名：Nothocercus bonapartei），是䳍形目䳍科的一种鸟类。 特征 黑头林䳍体重约763克，翼长约212毫米，嘴峰长约36.5毫米，喙宽度约4.8毫米，喙厚度约5.6毫米，跗蹠长约68.8毫米，尾长约60毫米。黑头林䳍在其分布区内为…,,
bird-灰头白喉林-c35586e5,灰头白喉林䳍,Hooded tinamou,Nothocercus nigrocapillus,灰头白喉林䳍（台湾作冠林䳍）（学名：Nothocercus nigrocapillus），是䳍形目䳍科的一种鸟类。 特征 灰头白喉林䳍体重约540克，翼长约187毫米，嘴峰长约35.3毫米，喙宽度约4.6毫米，喙厚度约5.8毫米，跗蹠长约63.5毫米，尾长约56毫米。灰头白喉林…,-32,-70
bird-灰-e0d74083,灰䳍,Grey tinamou,Tinamus tao,灰䳍（学名：Tinamus tao），是䳍形目䳍科的一种鸟类，栖息在密集的高大的树木组成的森林中。灰䳍体重1600.1克，翼长278.7毫米，嘴峰长45.5毫米，喙宽度6.5毫米，喙厚度6.8毫米，跗蹠长79.7毫米，尾长125.6毫米。灰䳍在其分布区内为留鸟，其食性为草食性。…,-32,-70
bird-孤-ce3b6df1,孤䳍,Solitary tinamou,Tinamus solitarius,孤䳍（學名：Tinamus solitarius）是巴西東部大西洋森林特有的一種鳥類。 分類 孤䳍屬於䳍科。牠們一般能夠飛行，但不能長久。牠們是鴕鳥目的近親。以往牠們分為兩個亞種：巴西東北部的Tinamus solitarius pernambucensis及巴拉圭東部南與阿根…,-16.5,-39.25
bird-黑-5613e9f3,黑䳍,Black tinamou,Tinamus osgoodi,黑䳍（学名：Tinamus osgoodi），是䳍形目䳍科的一种鸟类。 特征 黑䳍体重约1285克，翼长约232毫米，嘴峰长约45.6毫米，喙宽度约7.1毫米，喙厚度约7.9毫米，跗蹠长约70.6毫米，尾长约69.7毫米。黑䳍在其分布区内为留鸟，其栖息在密集的高大的树木组成的森…,-32,-70
bird-大-6a709464,大䳍,Great tinamou,Tinamus major,大䳍（学名：Tinamus major），是䳍形目䳍科的一种鸟类。 特征 大䳍体重约1026.21克，翼长约241毫米，嘴峰长约38.5毫米，喙宽度约5.2毫米，喙厚度约5.9毫米，跗蹠长约64.4毫米，尾长约83.2毫米。大䳍在其分布区内为留鸟，其栖息在密集的高大的树木组成的…,,
bird-白喉-940264e8,白喉䳍,White-throated tinamou,Tinamus guttatus,白喉䳍（学名：Tinamus guttatus）是䳍形目䳍科的一种鸟类。 特征 白喉䳍体重约686.18克，翼长约195.4毫米，嘴峰长约33.1毫米，喙宽度约5毫米，喙厚度约5.3毫米，跗蹠长约57.6毫米，尾长约75.6毫米。白喉䳍在其分布区内为留鸟，其栖息在密集的高大的树…,-10,-52
bird-灰穴-b342b105,灰穴䳍,Cinereous tinamou,Crypturellus cinereus,灰穴䳍（学名：Crypturellus cinereus）是䳍科穴䳍屬的一种鸟类。 特征 灰穴䳍体重约506.63克，翼长约162.4毫米，嘴峰约31毫米，喙宽度约5.2毫米，喙厚度约5.4毫米，跗蹠长约49.8毫米，尾长约55.9毫米。灰穴䳍在其分布区内为留鸟，其栖息在密集的…,-2.3096,-54.8881
bird-伯氏穴-15d57ec2,伯氏穴䳍,Berlepsch's tinamou,Crypturellus berlepschi,伯氏穴䳍（台湾作巴勒氏穴䳍）（学名：Crypturellus berlepschi）是䳍科穴䳍屬的一种鸟类。 特征 伯氏穴䳍体重约516.83克，翼长约164.6毫米，嘴峰长约27.9毫米，喙宽度约5.3毫米，喙厚度约6.5毫米，跗蹠长约53.4毫米，尾长约54.2毫米。伯氏穴…,4,-72
bird-小穴-d60b8e89,小穴䳍,Little tinamou,Crypturellus soui,小穴䳍（学名：Crypturellus soui）是䳍科穴䳍屬的一种鸟类。 特征 小穴䳍体重约216.16克，翼长约127.5毫米，嘴峰长约24.2毫米，喙宽度约4.2毫米，喙厚度约3.9毫米，跗蹠长约36.4毫米，尾长约47.9毫米。小穴䳍在其分布区内为留鸟，其栖息在密集的高…,14.52555556,-75.81833333
bird-灰喉穴-820707a3,灰喉穴䳍,Tepui tinamou,Crypturellus ptaritepui,灰喉穴䳍（学名：Crypturellus ptaritepui）是䳍科穴䳍屬的一种鸟类。 特征 灰喉穴䳍体重约443.4克，翼长约136毫米，嘴峰长约29.6毫米，喙宽度约4.6毫米，喙厚度约5.8毫米，跗蹠长约51.2毫米，尾长约54.2毫米。灰喉穴䳍在其分布区内为留鸟，其栖…,7,-65
bird-褐穴-c442ceed,褐穴䳍,Brown tinamou,Crypturellus obsoletus,褐穴䳍（学名：Crypturellus obsoletus）是䳍科穴䳍屬的一种鸟类。 特征 褐穴䳍体重约443.4克，翼长约160毫米，嘴峰长约30.9毫米，喙宽度约5.4毫米，喙厚度约4.5毫米，跗蹠长约45.9毫米，尾长约54.2毫米。褐穴䳍在其分布区内为留鸟，其栖息在密集…,,
bird-波斑穴-d8a18eae,波斑穴䳍,Undulated tinamou,Crypturellus undulatus,波斑穴䳍（学名：Crypturellus undulatus）是䳍科穴䳍屬的一种鸟类。 特征 波斑穴䳍体重约564.42克，翼长约172.5毫米，嘴峰长约34毫米，喙宽度约6毫米，喙厚度约5.8毫米，跗蹠长约48毫米，尾长约56.6毫米。波斑穴䳍在其分布区内为留鸟，其栖息在密集…,,
bird-淡眉穴-a7682c74,淡眉穴䳍,Pale-browed tinamou,Crypturellus transfasciatus,淡眉穴䳍（台湾作蒼眉穴䳍）（学名：Crypturellus transfasciatus）是䳍科穴䳍屬的一种鸟类。 特征 淡眉穴䳍体重约283克，翼长约150.2毫米，嘴峰长约26.7毫米，喙宽度约5.1毫米，喙厚度约4.8毫米，跗蹠长约46.4毫米，尾长约45.6毫米。淡眉穴…,-10,-76
bird-巴西穴-8749ece7,巴西穴䳍,Brazilian tinamou,Crypturellus strigulosus,巴西穴䳍（学名：Crypturellus strigulosus）是䳍科穴䳍屬的一种鸟类。 特征 巴西穴䳍体重约430.58克，翼长约160.9毫米，嘴峰长约32.3毫米，喙宽度约5.3毫米，喙厚度约5.3毫米，跗蹠长约46.4毫米，尾长约47.9毫米。巴西穴䳍在其分布区内为留…,-16.712,-64.666
bird-灰腿穴-a030d06c,灰腿穴䳍,Grey-legged tinamou,Crypturellus duidae,灰腿穴䳍（台湾作灰足穴䳍）（学名：Crypturellus duidae）是䳍科穴䳍屬的一种鸟类。 特征 灰腿穴䳍体重约426克，翼长约162.9毫米，嘴峰长约31.2毫米，喙宽度约5.4毫米，喙厚度约5.6毫米，跗蹠长约48.9毫米，尾长约41.5毫米。灰腿穴䳍在其分布区内为…,4,-72
bird-红脚穴-326b114d,红脚穴䳍,Red-legged tinamou,Crypturellus erythropus,红脚穴䳍（台湾作紅足穴䳍）（学名：Crypturellus erythropus）是䳍科穴䳍屬的一种鸟类。 特征 红脚穴䳍体重约485克，翼长约158.2毫米，嘴峰长约29毫米，喙宽度约4.9毫米，喙厚度约4.4毫米，跗蹠长约47毫米，尾长约48.4毫米。红脚穴䳍在其分布区内为…,5,-59
bird-黄腿穴-e9f7976f,黄腿穴䳍,Yellow-legged tinamou,Crypturellus noctivagus,黄腿穴䳍（台湾作黃足穴䳍）（学名：Crypturellus noctivagus）是䳍科穴䳍屬的一种鸟类。 特征 黄腿穴䳍体重约561.99克，翼长约182.2毫米，嘴峰长约32.9毫米，喙宽度约6.1毫米，喙厚度约5.3毫米，跗蹠长约53.9毫米，尾长约61.8毫米。黄腿穴䳍…,-19.6558,-39.8148
bird-黑顶穴-4d5f97a8,黑顶穴䳍,Black-capped tinamou,Crypturellus atrocapillus,黑顶穴䳍（学名：Crypturellus atrocapillus）是䳍科穴䳍屬的一种鸟类。 特征 黑顶穴䳍体重约453克，翼长约165.7毫米，嘴峰长约32.3毫米，喙宽度约5.4毫米，喙厚度约5毫米，跗蹠长约52.6毫米，尾长约44.3毫米。黑顶穴䳍在其分布区内为留鸟，其栖…,-10,-76
bird-灰胸穴-d89dfec7,灰胸穴䳍,Slaty-breasted tinamou,Crypturellus boucardi,灰胸穴䳍（学名：Crypturellus boucardi）是䳍科穴䳍屬的一种鸟类。 特征 灰胸穴䳍体重约435.62克，翼长约165毫米，嘴峰长约28.9毫米，喙宽度约5.2毫米，喙厚度约4.8毫米，跗蹠长约50毫米，尾长约49.2毫米。灰胸穴䳍在其分布区内为留鸟，其栖息在密…,25,-90
bird-乔科穴-5f3450c1,乔科穴䳍,Choco tinamou,Crypturellus kerriae,乔科穴䳍（学名：Crypturellus kerriae）是䳍科穴䳍屬的一种鸟类。 特征 乔科穴䳍体重约443.4克，翼长约154.1毫米，嘴峰长约31.2毫米，喙宽度约5.1毫米，喙厚度约4.8毫米，跗蹠长约49.6毫米，尾长约54.2毫米。乔科穴䳍在其分布区内为留鸟，其栖息…,4,-72
bird-杂色穴-5b8287b2,杂色穴䳍,Variegated tinamou,Crypturellus variegatus,杂色穴䳍（学名：Crypturellus variegatus）是䳍科穴䳍屬的一种鸟类。 特征 杂色穴䳍体重约378克，翼长约155.4毫米，嘴峰长约33.6毫米，喙宽度约5.3毫米，喙厚度约5毫米，跗蹠长约41.1毫米，尾长约44.6毫米。杂色穴䳍在其分布区内为留鸟，其栖息在…,,
bird-棕穴-f910e57d,棕穴䳍,Thicket tinamou,Crypturellus cinnamomeus,棕穴䳍（学名：Crypturellus cinnamomeus）是䳍科穴䳍屬的一种鸟类。 特征 棕穴䳍体重约422克，翼长约156.7毫米，嘴峰长约26.6毫米，喙宽度约5.3毫米，喙厚度约4.9毫米，跗蹠长约45.2毫米，尾长约49.2毫米。棕穴䳍在其分布区内为留鸟，其栖息在…,23,-102
bird-锈栗穴-88d98c7e,锈栗穴䳍,Rusty tinamou,Crypturellus brevirostris,锈栗穴䳍（台湾作鏽色穴䳍）（学名：Crypturellus brevirostris）是䳍科穴䳍屬的一种鸟类。 特征 锈栗穴䳍体重约221克，翼长约138.6毫米，嘴峰长约24.5毫米，喙宽度约4.9毫米，喙厚度约5毫米，跗蹠长约43.9毫米，尾长约48.2毫米。锈栗穴䳍在其分…,-10,-52
bird-巴氏穴-4c6d1a6f,巴氏穴䳍,Bartlett's tinamou,Crypturellus bartletti,巴氏穴䳍（台湾作巴特氏穴䳍）（学名：Crypturellus bartletti）是䳍科穴䳍屬的一种鸟类。 特征 巴氏穴䳍体重约241克，翼长约135.6毫米，嘴峰长约25毫米，喙宽度约4.7毫米，喙厚度约4.7毫米，跗蹠长约40.7毫米，尾长约40毫米。巴氏穴䳍在其分布区内为…,-10,-52
bird-小嘴穴-49241c01,小嘴穴䳍,Small-billed tinamou,Crypturellus parvirostris,小嘴穴䳍（学名：Crypturellus parvirostris）是䳍科穴䳍屬的一种鸟类。 特征 小嘴穴䳍体重约198.99克，翼长约111.1毫米，嘴峰长约19.3毫米，喙宽度约4.3毫米，喙厚度约4.2毫米，跗蹠长约25.7毫米，尾长约37.3毫米。小嘴穴䳍在其分布区内为…,-2.3096,-54.8881
bird-斑穴-c4ed576a,斑穴䳍,Barred tinamou,Crypturellus casiquiare,斑穴䳍（学名：Crypturellus casiquiare）是䳍科穴䳍屬的一种鸟类。 特征 斑穴䳍体重约250克，翼长约135.2毫米，嘴峰长约25毫米，喙宽度约4.3毫米，喙厚度约4.4毫米，跗蹠长约43.8毫米，尾长约32.5毫米。斑穴䳍在其分布区内为留鸟，其栖息在密集的…,4,-72
bird-塔陶穴-27bf3192,塔陶穴䳍,Tataupa tinamou,Crypturellus tataupa,塔陶穴䳍（台湾作塔陶巴穴䳍）（学名：Crypturellus tataupa）是䳍科穴䳍屬的一种鸟类。 特征 塔陶穴䳍体重约218.8克，翼长约123.3毫米，嘴峰长约24.9毫米，喙宽度约4.8毫米，喙厚度约5.3毫米，跗蹠长约32.5毫米，尾长约49.4毫米。塔陶穴䳍在其分…,-10,-52
bird-角叫鴨-e02697bd,角叫鴨,Horned screamer,Anhima cornuta,角叫鴨（學名：Anhima cornuta）是屬於叫鴨科的一種雁鴨類，此科外型均迥異於一般雁鴨外觀，角叫鴨屬（學名：Anhima）的單型種，即唯一一種。分佈於南美洲，數量正在下降。 分佈 玻利維亞、巴西、哥倫比亞、厄瓜多爾、法屬圭亞那、巴拉圭、秘魯、蘇里南和委內瑞拉。,4,-72
bird-黑颈冠叫鸭-723b0bd2,黑颈冠叫鸭,Northern screamer,Chauna chavaria,黑颈冠叫鸭（台湾作黑頸叫鴨）（学名：Chauna chavaria），是雁形目叫鸭科的一种鸟类。 特征 黑颈冠叫鸭体重约2557.64克，翼长约492.8毫米，嘴峰长约47.4毫米，喙宽度约13.3毫米，喙厚度约15.9毫米，跗蹠长约127.4毫米，尾长约195.5毫米。黑颈冠…,9.81583333,-71.55666667
bird-冠叫鸭-2c9eac98,冠叫鸭,Southern screamer,Chauna torquata,冠叫鸭（学名：Chauna torquata），是雁形目叫鸭科的一种鸟类。 特征 冠叫鸭体重约4400克，翼长约517毫米，嘴峰长约47.3毫米，喙宽度约13.6毫米，喙厚度约15.3毫米，跗蹠长约123.5毫米，尾长约204.4毫米。冠叫鸭在其分布区内为留鸟，其栖息在开放的湖…,-34,-64
bird-鵲鵝-3f1d18c7,鵲鵝,Magpie goose,Anseranas semipalmata,鹊雁（台湾作鵲鵝，学名：Anseranas semipalmata）是雁形目鹊雁科的唯一一种。是一種群居動物，經常千百成群，巢築於蘆葦莖部，分佈於澳大利亞北部和紐幾內亞南部。该物种是单型物种，没有亚种分化。 鹊雁体重约2393.4克，翼长约405.6毫米，嘴峰长约85.6毫米，…,-25,133
bird-白背鸭-72ff4337,白背鸭,White-backed duck,Thalassornis leuconotus,白背鸭（學名Thalassornis leuconotus）是鴨科的一種涉禽。牠們與其他的鴨有所分別，最為接近的是樹鴨亞科，且與硬尾鴨亞科有一些相似。牠們是白背鴨屬下的唯一物種。 白背鴨很適合潛水。牠們甚至可以潛在水中達半分鐘之久。牠們特別喜歡睡蓮科的芽。當遇見危險時，牠們也會…,,
bird-细斑树鸭-3048cf5e,细斑树鸭,Spotted whistling duck,Dendrocygna guttata,细斑树鸭（学名：Dendrocygna guttata），是雁形目鸭科的一种鸟类。 特征 细斑树鸭体重约800克，翼长约206.6毫米，嘴峰长约43.7毫米，喙宽度约16.8毫米，喙厚度约14.1毫米，跗蹠长约43.6毫米，尾长约58.6毫米。细斑树鸭是部分迁徙的鸟类，其栖息在…,-5,120
bird-尖羽树鸭-f6497bf7,尖羽树鸭,Plumed whistling duck,Dendrocygna eytoni,尖羽树鸭（学名：Dendrocygna eytoni）是雁形目鸭科的一种鸟类。 特征 尖羽树鸭体重约789.99克，翼长约232毫米，嘴峰长约41.9毫米，喙宽度约16.4毫米，喙厚度约15.2毫米，跗蹠长约55.1毫米，尾长约67.8毫米。尖羽树鸭是部分迁徙的鸟类，其栖息在开…,-25,133
bird-白臉樹鴨-6c494b7e,白臉樹鴨,White-faced whistling duck,Dendrocygna viduata,白臉樹鴨（Dendrocygna viduata）是分佈在撒哈拉以南非洲及南美洲的一種樹鴨屬。 生態 白臉樹鴨數量豐富。牠們主要是留鳥，但也會有達100公里以上的地區性移動。牠們會在地上築巢，每次會產8-12隻蛋，有時也會在樹上築巢。,23,13
bird-紅嘴樹鴨-f6cf853b,紅嘴樹鴨,Black-bellied whistling duck,Dendrocygna autumnalis,紅嘴樹鴨（Dendrocygna autumnalis）是分佈在美國南端及中美洲熱帶至南美洲中南部的樹鴨屬。 特徵 紅嘴樹鴨長48-53厘米，頭部、喙及雙腳都很長。牠們的喙是紅色的，頭部呈淡灰色，身體大部份、頸背及冠都呈栗褐色，腹部及尾巴是黑色的。面部及上頸是灰色的，有很幼及白…,,
bird-黑嘴樹鴨-a50543e3,黑嘴樹鴨,West Indian whistling duck,Dendrocygna arborea,黑嘴樹鴨（學名：Dendrocygna arborea）是鴨科樹鴨屬的鳥類，已知僅分布於加勒比地區。 特徵 黑嘴樹鴨是樹鴨屬中最大及最深色的，長48-58厘米。牠們的喙是黑色的，頭部及腳都很長。牠們的前頸淡色，面部呈淺褐色。冠、背部、胸部及雙翼呈深褐色至黑色，身體的其他部份是白…,14.52555556,-75.81833333
bird-草黃樹鴨-236d37cf,草黃樹鴨,Fulvous whistling duck,Dendrocygna bicolor,草黃樹鴨（学名：Dendrocygna bicolor）是分佈在熱帶地區的樹鴨屬，包括中美洲、南美洲、撒哈拉以南非洲、印度次大陸及美國墨西哥灣沿岸地區。 种名 bicolor 意为“二色的”。,28.62055556,-81.62194444
bird-斑胸树鸭-ee0fced0,斑胸树鸭,Wandering whistling duck,Dendrocygna arcuata,斑胸树鸭（台湾作胸斑樹鴨）（学名：Dendrocygna arcuata），是雁形目鸭科的一种鸟类。其种加词“arcuata”意为“弓形的”、“弯曲的”。 特征 斑胸树鸭体重约796.18克，翼长约186毫米，嘴峰长约42毫米，喙宽度约15.4毫米，喙厚度约14.1毫米，跗蹠长…,,
bird-栗树鸭-ac3aa956,栗树鸭,Lesser whistling duck,Dendrocygna javanica,栗树鸭（学名：Dendrocygna javanica）为鸭科树鸭属的鸟类，又名树鸭，俗名尼鸭、啸鸭。分佈於印度次大陸和東南亞地區。牠們是夜行性覓食的鳥類，白天時通常成群棲息在湖泊和濕潤的稻田周圍。牠們能夠棲息在樹上，有時會在樹洞中築巢。這種棕色且頸部修長的鴨子有寬大的翅膀，在…,18.83722222,98.97055556
bird-麝鴨-034d0ae5,麝鴨,Musk duck,Biziura lobata,麝鴨（學名:Biziura lobata、英語：musk duck）是澳洲南部的一種硬尾水鴨，是麝鴨屬唯一還存在的物種。麝鴨屬的另一個物種紐西蘭麝鴨（Biziura delautouri）曾存在於紐西蘭，但人們只能透過史前的亞化石知道它們的存在。麝鴨得名於繁殖季時散發的特殊麝香…,-25,133
bird-绿棉凫-8dd1b957,绿棉凫,Green pygmy goose,Nettapus pulchellus,绿棉凫（台湾作綠棉鴨）（学名：Nettapus pulchellus），是雁形目鸭科的一种鸟类。 特征 绿棉凫体重约306.98克，翼长约168.8毫米，嘴峰长约27毫米，喙宽度约11.4毫米，喙厚度约11.3毫米，跗蹠长约25.7毫米，尾长约63.2毫米。绿棉凫在其分布区内为…,-6,142
bird-棉鳧-44949378,棉鳧,Cotton pygmy goose,Nettapus coromandelianus,棉凫（Nettapus coromandelianus）又名棉鸭或南京鴛鴦，是一種小型的樹鴨，分布於亞洲、東南亞，並延伸至昆士蘭南部和東部，在當地有時稱為白翅棉小雁。牠們是世界上最小的水禽之一，通常棲息於具有良好水生植物的小至大型水域中。通常以配對或多對的形式出現，棲息和築巢於…,,
bird-厚嘴棉鳧-0ac53226,厚嘴棉鳧,African pygmy goose,Nettapus auritus,厚嘴棉凫（台湾作厚嘴棉鴨，學名：Nettapus auritus），是雁形目鸭科的一种鸟类。 特征 厚嘴棉凫体重约266克，翼长约149.6毫米，嘴峰长约27.8毫米，喙宽度约10.8毫米，喙厚度约12.4毫米，跗蹠长约24.8毫米，尾长约66.2毫米。厚嘴棉凫在其分布区内为留…,-20,47
bird-澳洲斑鸭-30f77572,澳洲斑鸭,Freckled duck,Stictonetta naevosa,澳洲斑鸭（台湾作點斑鴨）（学名：Stictonetta naevosa），是雁形目鸭科的一种鸟类。 特征 澳洲斑鸭体重约903.27克，翼长约232.5毫米，嘴峰长约57.9毫米，喙宽度约16.2毫米，喙厚度约16.8毫米，跗蹠长约38.9毫米，尾长约62毫米。澳洲斑鸭是部分迁…,,
bird-黑頭鴨-3a4bb457,黑頭鴨,Black-headed duck,Heteronetta atricapilla,黑頭鴨（學名：Heteronetta atricapilla）為棲息於南美洲的雁鴨，為黑頭鴨屬下的唯一種。 描述 黑頭鴨為鴨亞科現存最原始的基群，缺乏長而堅硬的尾羽及腫大的鴨喙，外表近似於潛鴨。牠們的全身羽毛與其他特徵顯示牠們並非硬尾鴨祖先的近親，近似的特質部分僅為趨同演化。黑…,-34,-64
bird-花脸硬尾鸭-feda5f60,花脸硬尾鸭,Masked duck,Nomonyx dominicus,花脸硬尾鸭（学名：Nomonyx dominicus）是雁形目鸭科的一种鸟类。 特征 花脸硬尾鸭体重约364.97克，翼长约138.1毫米，嘴峰长约39.6毫米，喙宽度约16.2毫米，喙厚度约11.2毫米，跗蹠长约24.1毫米，尾长约85.8毫米。花脸硬尾鸭是部分迁徙的鸟类，其…,,
bird-白头硬尾鸭-ea94af1a,白头硬尾鸭,White-headed duck,Oxyura leucocephala,白頭硬尾鴨（学名：學名：Oxyura leucocephala），屬於鴨科，非常典型地群居型水鴨類。 保育狀況 牠們被列為《瀕危野生動植物種國際貿易公約》附錄二的物種，被限制出口及貿易。,,
bird-澳洲硬尾鸭-72f14a28,澳洲硬尾鸭,Blue-billed duck,Oxyura australis,澳洲硬尾鸭（台湾作藍嘴硬尾鴨）（学名：Oxyura australis），是雁形目鸭科的一种鸟类。 特征 澳洲硬尾鸭体重约798克，翼长约154毫米，嘴峰长约44.2毫米，喙宽度约19.4毫米，喙厚度约12.1毫米，跗蹠长约33.2毫米，尾长约61.5毫米。澳洲硬尾鸭是部分迁徙…,,
bird-非洲硬尾鸭-8709779a,非洲硬尾鸭,Maccoa duck,Oxyura maccoa,非洲硬尾鸭（学名：Oxyura maccoa），是雁形目鸭科的一种鸟类。 特征 非洲硬尾鸭体重约674克，翼长约156.4毫米，嘴峰长约45.6毫米，喙宽度约21.6毫米，喙厚度约11.6毫米，跗蹠长约33.3毫米，尾长约68.2毫米。非洲硬尾鸭在其分布区内为留鸟，其栖息在开放…,,
bird-南美硬尾鴨-f7e7a263,南美硬尾鴨,Lake duck,Oxyura vittata,南美硬尾鴨（Oxyura vittata）是硬尾鴨属下的一种小型鸭类，分布于南美洲南部。 繁殖 南美硬尾鸭拥有最大的鸟类生殖器，其阴茎（螺旋形）与身体的比例也是所有脊椎动物中最大的。其最长可与鸭身相等，但一般只有身体的一半长，即22 cm（8.7英寸）左右。雌鸭也有着很长的螺旋…,,
bird-棕硬尾鸭-de4d62d0,棕硬尾鸭,Ruddy duck,Oxyura jamaicensis,棕硬尾鴨（學名：Oxyura jamaicensis）是一種硬尾鴨。 特徵 成年雄鴨的身體呈銹紅色，面部白色，冠黑色。成年雌鴨的身體呈灰褐色，面部灰色，喙深色，兩頰有斑紋。南方亞種的火地島棕硬尾鴨有時被認為是另一物種，其面部黑色，體型較大。安第斯棕硬尾鴨的黑色羽毛各有不同，面部…,,
bird-距翅雁-c14ece01,距翅雁,Spur-winged goose,Plectropterus gambensis,距翅雁（Plectropterus gambensis），又名直翅鵝，是一種分佈在撒哈拉以南非洲濕地的鴨科。 特徵 距翅雁長75-115厘米，平均重4-6.8公斤，有時可以達10公斤，雄鳥較雌鳥大。牠們是非洲最大的水鳥，也是世界上平均最大的鵝。牠們主要是黑色，面部白色，翼上有很…,,
bird-红耳鸭-9c37e8a1,红耳鸭,Pink-eared duck,Malacorhynchus membranaceus,红耳鸭（学名：Malacorhynchus membranaceus），是雁形目鸭科的一种鸟类。 特征 红耳鸭体重约372.79克，翼长约183.7毫米，嘴峰长约67.6毫米，喙宽度约15.3毫米，喙厚度约17.2毫米，跗蹠长约31.8毫米，尾长约65.5毫米。红耳鸭是部分迁徙…,-25,133
bird-扁嘴鵝-052a9502,扁嘴鵝,Coscoroba swan,Coscoroba coscoroba,扁嘴鵝（学名：Coscoroba coscoroba）是一种形似天鵝的雁形目鸟类，实际上并不属于天鹅属。扁嘴鹅的体型较真正的天鹅小。雖然如此，牠們也算是大型的游禽，平均重4.2公斤，長1米及翼展1.57米。 特徵 扁嘴鵝是白色的，第6主羽端是黑色的，由於很貼近雙翼，所以平時很難…,-34,-64
bird-蠟嘴雁-09ddc633,蠟嘴雁,Cape Barren goose,Cereopsis novaehollandiae,蠟嘴雁（學名： Cereopsis novaehollandiae），又名巴倫角鵝，是澳洲南部一種大型的鵝。 特徵 蠟嘴雁的體型粗大及呈灰色，有黑色圓斑點。尾巴及飛羽都是黑色的，腿及腳掌分別呈粉紅色及黑色。喙短及向下彎曲，呈黑色；蠟膜呈綠色。,,
bird-黑颈天鹅-76ab54ac,黑颈天鹅,Black-necked swan,Cygnus melancoryphus,黑颈天鹅（学名：Cygnus melancoryphus）是小型鴨科天鹅屬鳥類，主要分布於南美洲南回歸線以南的地區，是南美洲體型最大的原生雁鴨類。 體長1至1.4公尺，體重3.5-6.7公斤；雄性身型較雌性大。生活於淡水和鹹淡水沼澤。,-34,-64
bird-疣鼻天鹅-9d6df898,疣鼻天鹅,Mute swan,Cygnus olor,疣鼻天鵝（學名：Cygnus olor），別名瘤鼻天鵝、啞音天鵝、赤嘴天鵝、瘤鵠、亮天鵝、丹鵠（古名）等，是天鹅属的一种大型游禽，前额有一块瘤疣的突起，因此得名。疣鼻天鵝分布廣泛，大量在歐洲，少數分布在亞洲，為瑞典國鳥。 传说中的疣鼻天鹅不会发声，但会在临死前唱出一首动听的歌曲…,,
bird-黑天鹅-51b20884,黑天鹅,Black swan,Cygnus atratus,黑天鵝（學名：Cygnus atratus）是一種分類上屬於天鵝的大型水鳥（雁鴨科動物），主要在澳洲大陸東南和西南區域繁殖。在澳洲大陸境內，黑天鵝過著遷徙生活，遷徙模式因氣候條件而異。牠們的繁殖模式為單偶模式，且共同孵蛋及育幼。 牠們在1800年代被人們當作觀賞鳥引入全球各地，…,,
bird-小天鹅-9a42f111,小天鹅,Tundra swan,Cygnus columbianus,小天鹅（学名：Cygnus columbianus），又名鵠或白鵠，是一种体型比大天鹅小的天鹅。 生态环境 喜欢在泥泞水塘、湖泊或泥滩等生境中活动，常在水中缓慢前进，嘴往两旁甩动以寻找食物。,24.76666667,141.3
bird-大天鹅-e7518941,大天鹅,Whooper swan,Cygnus cygnus,大天鹅（学名：Cygnus cygnus）又名鹄、黄嘴天鹅等，是天鵝屬的一種鳥類。 大天鹅是芬兰的国鸟，也是天鹅属的模式种。,,
bird-黑嘴天鹅-c92bf88b,黑嘴天鹅,Trumpeter swan,Cygnus buccinator,黑嘴天鹅（学名Cygnus buccinator），属於鸭科天鹅属，是北美本土最大的鳥類。亦是現存最大的水禽。翼展可超過3公尺長。與歐亞大陸的黃嘴天鵝（Cygnus cygnus）為近親，部分專家甚至視為同一種。在1933年，少於70對的黑嘴天鵝在野外發現，面臨絕種危機，直到在…,44.61666667,-111.73333333
bird-黑雁-b2bcc551,黑雁,Brant (goose),Branta bernicla,"黑雁（学名：Branta bernicla）为鸭科黑雁属的鸟类。分布于北极圈以北、北冰洋沿岸及附近岛屿以及中国大陆的东北、东部沿海、福建等地，多生活于海岸边、河口以及陡峭的河岸。该物种的模式产地在瑞典。 它有三個亞種, 全部在溫帶地區的海岸過冬, 並在北極高原的苔原上繁殖.",,
bird-红胸黑雁-92e3ac61,红胸黑雁,Red-breasted goose,Branta ruficollis,红胸黑雁（学名：Branta ruficollis）为鸭科黑雁属的鸟类。分布于俄罗斯以及中国的湖南、广西等地，常见于海湾、海港、河口、离湖较近的盐沼地以及内陆咸水湖区。该物种的模式产地在西伯利亚的鄂毕河下游。 保育狀況 其被列為《瀕危野生動植物種國際貿易公約》附錄二的物種，被限…,61,105
bird-nene-00d1a724,Nene,Nene,,"Nene may refer to: People Nene (name), list of people with this name Kōdai-in, formerly known as Nene (1546–1624), principal samurai wife o…",,
bird-加拿大雁-910ac6a6,加拿大雁,Canada goose,Branta canadensis,加拿大雁（學名：Branta canadensis），屬於雁形目鴨科黑雁屬；种名canadensis為拉丁文，「來自加拿大」之意。 特征 加拿大雁为体形巨大的雁形目鸟类，其成鸟体长可达100厘米，翅膀展開時的長度為160至175厘米。這鳥類有7個亞種，主要是體型和毛色的分別，但…,41.85694444,-109.83722222
bird-白颊黑雁-d0bda370,白颊黑雁,Barnacle goose,Branta leucopsis,白颊黑雁（学名：Branta leucopsis）属黑雁属，又稱藤壺鵝(因為與鵝頸藤壺長相相似得名)，这个物种有大片黑色羽毛，使它们与灰色的雁属区分开来。尽管它们外表和黑雁相似，遗传分析表明，它们是短嘴黑雁（Branta hutchinsii）东方衍生品种。 描述 白颊黑雁是一…,55.625,-1.745
bird-小加拿大雁-d1782a9d,小加拿大雁,Cackling goose,Branta hutchinsii,小美洲黑雁（台湾作小加拿大雁）（學名：Branta hutchinsii），是一種分佈於北美的雁鴨科黑雁屬黑色鵝類，外型有較大面積的黑色羽毛，可與其它灰色的雁屬物種區分。 描述 小加拿大雁具明顯的黑色的頭部和頸部，與及白色“帽帶”，同樣具有此種特徵的種類，只有較大的加拿大雁（B…,65.82,-107.08
bird-斑头雁-e9aa383a,斑头雁,Bar-headed goose,Anser indicus,斑头雁（學名：Anser indicus），又名白头雁、黑纹头雁，是雁鴨科雁屬的鳥類，屬於全面遷徙的候鳥，夏季在亞洲中東部繁殖，入冬則飛越喜馬拉雅山脈，遷抵南亞、緬甸與中國華南，途中飛經的海拔高度可達8800公尺，在鳥類中名列前茅。另外，現今在英國與日德蘭半島南部亦有人為引入的…,27.98333333,86.91666667
bird-帝雁-a4713512,帝雁,Emperor goose,Anser canagicus,帝雁（學名：Anser canagicus；英語：Emperor goose），是雁屬的一種鳥類，分佈于阿拉斯加附近。雄性體長在66—71厘米（26—28英寸）之間，雌性略小。其種群數量一度由於石油污染等環境問題及人類捕殺而下降。非阿拉斯加居民在獲得許可後方可獵殺帝雁，但它在美…,61,-164
bird-細嘴雁-8f2cf1bd,細嘴雁,Ross's goose,Anser rossii,"細嘴雁（學名：Anser rossii；英語：Ross's goose）是分布于北美洲的一種雁屬鳥類，它冬季在美國南部。墨西哥北部過冬，夏季到加拿大繁殖。其羽毛純白，只有翅尖是黑色的。除去原產地，歐洲的荷蘭和英國等一些國家也有馴養這種雁。 參考文獻 Sibley, David.",,
bird-雪雁-90b03301,雪雁,Snow goose,Anser caerulescens,雪雁（学名：Anser caerulescens）为鸭科雁属的鸟类，俗名白雁。分布于北美洲、东至梅尔维尔和哈得孙湾东岸、北极各岛、西伯利亚、日本以及中国大陆的河北、长江口等地，一般栖息于沿海。该物种的模式产地在加拿大的哈德孙湾。 繁殖 雪雁在兩歲大的時候通常就會找到固定的伴侶，…,72,-40
bird-灰雁-648f5997,灰雁,Greylag goose,Anser anser,灰雁（學名：Anser anser），又名大雁、沙鹅、灰腰雁、红嘴雁、沙雁、黄嘴灰雁，为雁属模式种。 生态环境 灰雁栖息于湖泊、河滩水域地带。他们经常选择水生植物密布的环境藏身，有时也在开阔的湖面游荡。憩息时常有一些灰雁放哨警戒。早晨、夜间或黄昏出来觅食。,55.6707,12.5414
bird-鸿雁-88302e97,鸿雁,Swan goose,Anser cygnoides,鸿雁（Anser cygnoides），亦名原鹅、大雁、洪雁、冠雁、天鹅式大雁、随鹅、奇鹅、黑嘴雁、沙雁、草雁，是雁屬的一种候鸟。 特征 体形较大的雁，体长80~90公分左右，体重2.8~5千公克。颈长。黑且长的嘴与前额成一直线，环绕嘴基的额部有一条很狭窄的棕白色条纹，嘴裂基部…,53.8,109.33333333
bird-小白额雁-93db693d,小白额雁,Lesser white-fronted goose,Anser erythropus,小白额雁（学名：Anser erythropus），又名弱雁，为雁鴨科雁屬下的一个种。 生态环境 小白额雁常结群活动，可见于湖泊、沼泽、鱼塘、虾池以及河流平缓水面开阔处，栖息于近水的草地农田等处。,63,17
bird-白额雁-cc628bbc,白额雁,Greater white-fronted goose,Anser albifrons,白额雁（学名：Anser albifrons）为鸭科雁属的鸟类，俗名花斑雁、明斑雁、大雁。是一種與較小的小白額雁（A. erythropus）密切相關的雁類物種。白額雁是遷徙侯鳥，在加拿大北部、阿拉斯加、格陵蘭和俄羅斯繁殖，冬季則遷徙到北美、歐洲和亞洲更南的地區。在英國和愛爾蘭…,,
bird-凍原豆雁-03044bf7,凍原豆雁,Tundra bean goose,Anser serrirostris,短嘴豆雁（香港作凍原豆雁，台湾作凍原豆雁）（學名：Anser serrirostris）是繁殖於北西伯利亞的一種雁鴨科鳥類。本種與寒林豆雁被美國鳥類學會與國際鳥類學者協會視為不同種，但英國鳥類學會將兩者視為同種，統稱為豆雁。本種是冬天會往南遷移的亞洲鳥類。 描述 本種體長68至…,52.969,0.813
bird-粉脚雁-aade9839,粉脚雁,Pink-footed goose,Anser brachyrhynchus,粉腳雁（學名：Anser brachyrhynchus）是雁屬的一種鳥類，它在西北歐過冬，但會在夏天飛往格陵蘭島、冰島、斯瓦尔巴特群岛和北美東部繁殖。其種加詞的意思是“短喙”。 粉腳雁是一種中型的雁，體長60—75厘米（24—30英寸），翼展135—170厘米（53—67英寸）…,72,-40
bird-豆雁-db384e43,豆雁,Taiga bean goose,Anser fabalis,豆雁（香港作寒林豆雁，台湾作寒林豆雁）（学名：Anser fabalis），又名大雁、鸿、东方豆雁、西伯利亚豆雁、普通大雁、麦鹅。本種與短嘴豆雁被美國鳥類學會與國際鳥類學者協會視為不同種，但英國鳥類學會將兩者視為同種，統稱為豆雁。本種是冬天會往南遷移的亞洲鳥類。 生态环境 豆雁…,,
bird-湍鸭-1eda09e4,湍鸭,Torrent duck,Merganetta armata,湍鸭（学名：Merganetta armata），是雁形目鸭科的一种鸟类。 特征 湍鸭体重约398.82克，翼长约163.4毫米，嘴峰长约33.5毫米，喙宽度约9.8毫米，喙厚度约9.8毫米，跗蹠长约36.2毫米，尾长约111.1毫米。湍鸭在其分布区内为留鸟，其栖息在开放的河流…,,
bird-环颈鸭-6febe767,环颈鸭,Ringed teal,Callonetta leucophrys,环颈鸭（学名：Callonetta leucophrys）是鸭科环颈鸭属（Callonetta）的唯一一种生物，分布于南美洲，和棕林鸭有较近的亲缘关系。 它是一种小型鸭，体长14—15英寸（36—38厘米），翼展约28英寸（71厘米），重11—12盎司（310—340克），生活…,,
bird-疣鼻棲鴨-69d1f6f9,疣鼻棲鴨,Muscovy duck,Cairina moschata,疣鼻棲鴨（學名：Cairina moschata），俗稱番鴨仔、麝香鴨、紅面鴨、番鴨。另外，因為臺式料理中的「薑母鴨」偏愛使用這種鴨類的肉做為主材，因此牠們在臺灣也俗稱薑母鴨。紅面鴨原產地為中南美洲一帶。在中国大陆早期曾被误称为“丹麦黑鹤”或“美洲鸳鸯”。 這種鴨類的最大特徵為…,19,-96
bird-鸳鸯-c6b43b12,鸳鸯,Mandarin duck,Aix galericulata,鸳鸯（學名：Aix galericulata），本名鸂（xī）鶒（chì），又稱匹鸟、邓木鸟或紫鴛鴦，是雁形目鸭科鸳鸯属的一种水鸟。亦經常出現在中國古代文學作品和神話傳説中。其中鴛指雄鳥，鴦指雌鳥。 历史 現今的鴛鴦本名為“鸂鶒”，因其常常是雌雄相伴活動，古人視作鴛鴦（赤麻鸭）…,53.6225,-2.86861111
bird-林鸳鸯-83f12ff1,林鸳鸯,Wood duck,Aix sponsa,林鴛鴦（學名：Aix sponsa），又名樹鴛鴦、美洲鴛鴦、美洲木鴨，是鴛鴦屬的一種鳥類，棲息在北美地區，體長47至54 cm（19至21英寸），翼展66至73 cm（26至29英寸），以羽毛色彩艷麗而聞名。 保護 19世紀末，由於棲息地喪失和人類濫捕濫殺（食用或使用其羽毛製造…,,
bird-绿翅雁-b4aa3cb5,绿翅雁,Orinoco goose,Neochen jubata,绿翅雁（学名：Neochen jubata），是雁形目鸭科的一种鸟类。 特征 绿翅雁体重约1250克，翼长约298毫米，嘴峰长约36.8毫米，喙宽度约17.4毫米，喙厚度约14.7毫米，跗蹠长约60.9毫米，尾长约100毫米。绿翅雁是部分迁徙的鸟类，其栖息在开放的河流环境中，食…,-34,-71
bird-黑翅草雁-995abd06,黑翅草雁,Andean goose,Chloephaga melanoptera,黑翅草雁（学名：Chloephaga melanoptera），是雁形目鸭科的一种鸟类。 特征 黑翅草雁体重约2037克，翼长约431.7毫米，嘴峰长约40.7毫米，喙宽度约17.6毫米，喙厚度约14.5毫米，跗蹠长约74.4毫米，尾长约137.3毫米。黑翅草雁是部分迁徙的鸟类…,-34,-64
bird-斑胁草雁-70083c4b,斑胁草雁,Upland goose,Chloephaga picta,斑胁草雁（学名：Chloephaga picta），是雁形目鸭科的一种鸟类。 特征 斑胁草雁体重约2880.37克，翼长约412.2毫米，嘴峰长约40.1毫米，喙宽度约18毫米，喙厚度约14.7毫米，跗蹠长约72.5毫米，尾长约138.2毫米。斑胁草雁是部分迁徙的鸟类，其栖息在…,,
bird-白草雁-5681348d,白草雁,Kelp goose,Chloephaga hybrida,白草雁（学名：Chloephaga hybrida），是雁形目鸭科的一种鸟类。 特征 白草雁体重约2281.8克，翼长约358毫米，嘴峰长约34.2毫米，喙宽度约16.6毫米，喙厚度约13.5毫米，跗蹠长约53.5毫米，尾长约131.8毫米。白草雁是部分迁徙的鸟类，其栖息在开放…,-34,-64
bird-灰头草雁-a98318e4,灰头草雁,Ashy-headed goose,Chloephaga poliocephala,灰头草雁（学名：Chloephaga poliocephala），是雁形目鸭科的一种鸟类。 特征 灰头草雁体重约2007.14克，翼长约345.4毫米，嘴峰长约30.9毫米，喙宽度约14.1毫米，喙厚度约12毫米，跗蹠长约55.2毫米，尾长约119毫米。灰头草雁是部分迁徙的鸟类…,-34,-64
bird-棕头草雁-31ee426d,棕头草雁,Ruddy-headed goose,Chloephaga rubidiceps,棕头草雁（学名：Chloephaga rubidiceps），是雁形目鸭科的一种鸟类。 特征 棕头草雁体重约2086克，翼长约325.6毫米，嘴峰长约30.5毫米，喙宽度约13毫米，喙厚度约11.2毫米，跗蹠长约56.2毫米，尾长约109.4毫米。棕头草雁是部分迁徙的鸟类，其栖…,-34,-64
bird-白腹麻鸭-78e27521,白腹麻鸭,Radjah shelduck,Radjah radjah,白腹麻鸭（学名：Radjah radjah），是雁形目鸭科的一种鸟类。 特征 白腹麻鸭体重约885.22克，翼长约270毫米，嘴峰长约46.3毫米，喙宽度约20毫米，喙厚度约14.8毫米，跗蹠长约50.1毫米，尾长约98毫米。白腹麻鸭是部分迁徙的鸟类，其栖息在开放的海滩、河口等…,-6,142
bird-埃及雁-a15e47bc,埃及雁,Egyptian goose,Alopochen aegyptiaca,埃及雁（学名：Alopochen aegyptiaca）为雁形目雁鸭科埃及雁属的唯一现生种，俗名秃雁。该物种的模式产地在埃及，廣泛分佈于埃及以及撒哈拉沙漠以南地區。 特征 埃及雁体重约1873克，翼长约356毫米，嘴峰长约51.6毫米，喙宽度约20.8毫米，喙厚度约16.7毫米…,30.1725,31.14
bird-翘鼻麻鸭-614145d6,翘鼻麻鸭,Common shelduck,Tadorna tadorna,翘鼻麻鸭又名白鸭、冠鸭、掘穴鸭、潦鸭、翘鼻鸭、花凫。 生态环境 翘鼻麻鸭主要在淡水湖泊、河流、盐池、盐田及海湾等处等湿地活动。冬天时随潮汐涨落，在未封冻的河口可见。冬季常数十至上百只结群活动。,,
bird-灰头麻鸭-1038005c,灰头麻鸭,South African shelduck,Tadorna cana,灰头麻鸭（学名：Tadorna cana），是雁形目鸭科的一种鸟类。 特征 灰头麻鸭体重约1182克，翼长约345.2毫米，嘴峰长约52.9毫米，喙宽度约19.8毫米，喙厚度约13.9毫米，跗蹠长约57.4毫米，尾长约110.4毫米。灰头麻鸭是部分迁徙的鸟类，其栖息在开放的湖泊…,,
bird-赤麻鸭-fdfd094d,赤麻鸭,Ruddy shelduck,Tadorna ferruginea,瀆鳧（学名：Tadorna ferruginea），又名渎凫、黃麻鴨或黄凫，俗稱红雁或黃鴨，古稱鴛鴦。迁徙性鸟类。 生态环境 赤麻鸭的生境多样，从世界屋脊的高原湖泊到平原地区的湿地沼泽都能看到它们，山区小溪、开阔的水塘、海边沙滩甚至靠近绿洲的戈壁滩都是赤麻鸭的活动范围。,53.5,108
bird-黑胸麻鸭-3a658a57,黑胸麻鸭,Paradise shelduck,Tadorna variegata,黑胸麻鸭（学名：Tadorna variegata），是雁形目鸭科的一种鸟类。 特征 黑胸麻鸭体重约1540.95克，翼长约351.2毫米，嘴峰长约48.6毫米，喙宽度约19.1毫米，喙厚度约14.6毫米，跗蹠长约60.8毫米，尾长约131毫米。黑胸麻鸭是部分迁徙的鸟类，其栖息…,-40.855,174.915
bird-澳大利亚麻鸭-54bf4e31,澳大利亚麻鸭,Australian shelduck,Tadorna tadornoides,澳大利亚麻鸭（英語：Australian Shelduck），又名棕胸麻鸭，是麻鸭的一个种属，属于鸭科，体型大，与鹅相似。其种名“Tadorna”来自凯尔特语，意思是“杂色水鸟”。1974年被澳大利亚当局列入物种保护名单。 特征 一般来说，雄性澳大利亚麻鸭的羽毛以黑色为主，胸部…,-42,147
bird-长尾鸭-7d971001,长尾鸭,Long-tailed duck,Clangula hyemalis,长尾鸭（学名：Clangula hyemalis）为鸭科长尾鸭属的唯一一种生物，俗名冰凫。是一種中型海鴨，繁殖於北極的苔原和針葉林地區，並在冬季沿著大西洋和太平洋的北部海岸線活動。它是長尾鴨屬（Clangula）中唯一的成員。 分類 長尾鴨由瑞典博物學家卡爾·林奈於1758年在…,,
bird-小绒鸭-d5f24b1c,小绒鸭,Steller's eider,Polysticta stelleri,小绒鸭（学名：Polysticta stelleri）为鸭科小绒鸭属下唯一的一種鸟类，俗名绒鸭。分布于西伯利亚东部北极海岸、阿拉斯加海岸及附近岛屿、芬兰、挪威、勘察加半岛、阿留申半岛、千岛群岛、朝鲜半岛海岸以及中国大陆的东北。多栖息于苔原冻土、冰封海面以及清水海岸。该物种的模式…,61,-164
bird-白眶绒鸭-57961f2f,白眶绒鸭,Spectacled eider,Somateria fischeri,白眶绒鸭（台湾作眼眶絨鴨）（学名：Somateria fischeri），是雁形目鸭科的一种鸟类。 特征 白眶绒鸭体重约1557.16克，翼长约246毫米，嘴峰长约46毫米，喙宽度约18.7毫米，喙厚度约14.5毫米，跗蹠长约40.2毫米，尾长约64.2毫米。白眶绒鸭是部分迁徙…,,
bird-王绒鸭-92aa385b,王绒鸭,King eider,Somateria spectabilis,王绒鸭（学名：Somateria spectabilis），是雁形目鸭科的一种鸟类。 特征 王绒鸭体重约1616.71克，翼长约266.3毫米，嘴峰长约33.8毫米，喙宽度约17.5毫米，喙厚度约14.1毫米，跗蹠长约42.8毫米，尾长约76.2毫米。王绒鸭是候鸟，其栖息在开放…,,
bird-欧绒鸭-3fe01ef9,欧绒鸭,Common eider,Somateria mollissima,欧绒鸭（學名：somateria mollissima，英語：common eider）是一种体型较大（50—71厘米（20—28英寸））的秋沙鸭，主要分布在欧洲、北美洲、东西伯利亚的北侧海岸上。欧绒鸭仔主要在北极以及其他靠近北方的地区繁殖，但会在冬季往南部温带地区迁徙，迁徙时…,,
bird-丑鸭-52dc1ce0,丑鸭,Harlequin duck,Histrionicus histrionicus,丑鸭（学名：Histrionicus histrionicus；英语：Harlequin duck）是鸭科丑鸭属（Histrionicus）的唯一一种生物，其属名和种加词均来自拉丁语“histrio”，意思是“演员”。这种海鸟分布于太平洋和大西洋北部沿海。 形态 丑鸭以雄鸟艳丽…,,
bird-普通海番鸭-68d26bbb,普通海番鸭,Common scoter,Melanitta nigra,普通海番鸭（学名：Melanitta nigra），也称为黑海番鸭，为鸭科海番鸭属的鸟类。分布于北半球较冷地区、欧洲、北美洲、亚洲、非洲，多栖息于海洋、海港以及河口。该物种的模式产地在英国及欧洲大陆北部。美洲黑海番鸭原为普通海番鸭的北方亚种（学名：M. n.,,
bird-美洲黑海番鸭-94b23bf7,美洲黑海番鸭,Black scoter,Melanitta americana,黑海番鸭（香港作黑海番鴨，台湾作美洲黑海番鸭）（学名：Melanitta americana），为鸭科海番鸭属的鸟类。分布于西伯利亚东北部及附近岛屿、北美洲、朝鲜、日本以及中国大陆的江苏、福建、重庆、上海、香港等地。该物种的模式产地在加拿大哈得孙海湾。该物种原为普通海番鸭的北方…,60,-86
bird-斑头海番鸭-b1425495,斑头海番鸭,Surf scoter,Melanitta perspicillata,斑头海番鸭（学名：Melanitta perspicillata），是雁形目鸭科的一种鸟类。 特征 斑头海番鸭体重约1096.33克，翼长约226.3毫米，嘴峰长约58.8毫米，喙宽度约21.6毫米，喙厚度约15.9毫米，跗蹠长约38毫米，尾长约72.8毫米。斑头海番鸭是候鸟，…,,
bird-绒海番鸭-4f18660c,绒海番鸭,Velvet scoter,Melanitta fusca,绒海番鸭（学名：Melanitta fusca）为鸭科海番鸭属的鸟类，俗名海番鸭、奇嘴鸭。多栖息于沿海海滩、内陆淡水河湖间以及湖沼地区。该物种的模式产地在瑞典。斑脸海番鸭原为其西伯利亚亚种（学名：M. f.,,
bird-白翅黑海番鸭-2a0509e8,白翅黑海番鸭,White-winged scoter,Melanitta deglandi,白翅黑海番鸭（台湾作白翅海番鴨）（学名：Melanitta deglandi），是雁形目鸭科的一种鸟类。 特征 白翅黑海番鸭体重约1800.17克，翼长约270毫米，嘴峰长约46.8毫米，喙宽度约27.2毫米，喙厚度约14.7毫米，跗蹠长约42.8毫米，尾长约76.5毫米。白翅…,,
bird-斑脸海番鸭-1c56b1ed,斑脸海番鸭,Stejneger's scoter,Melanitta stejnegeri,斑脸海番鸭（学名：Melanitta stejnegeri）为鸭科海番鸭属的鸟类，俗名海番鸭、奇嘴鸭。分布于西伯利亚东部、勘察加、鄂霍次克海、南至朝鲜、日本、中国东北及东部海域。该物种的模式产地在西伯利亚堪察加及日本。。多栖息于沿海海滩、内陆淡水河湖间以及湖沼地区。该物种原为绒…,,
bird-白枕鹊鸭-bcb12768,白枕鹊鸭,Bufflehead,Bucephala albeola,白枕鹊鸭（台湾作巨頭鵲鴨）（学名：Bucephala albeola），是雁形目鸭科的一种鸟类。 特征 白枕鹊鸭体重约397.46克，翼长约160.8毫米，嘴峰长约28.8毫米，喙宽度约12.9毫米，喙厚度约9.9毫米，跗蹠长约30.1毫米，尾长约65.4毫米。白枕鹊鸭是候鸟，…,,
bird-巴氏鹊鸭-d6bf0bfe,巴氏鹊鸭,Barrow's goldeneye,Bucephala islandica,巴氏鹊鸭（台湾作冰洲鵲鴨）（学名：Bucephala islandica），是雁形目鸭科的一种鸟类。 特征 巴氏鹊鸭体重约921.21克，翼长约221.7毫米，嘴峰长约34.9毫米，喙宽度约16.6毫米，喙厚度约12.7毫米，跗蹠长约38.2毫米，尾长约86毫米。巴氏鹊鸭是部分…,,
bird-鹊鸭-d87d1c04,鹊鸭,Common goldeneye,Bucephala clangula,"鹊鸭（学名：Bucephala clangula）为鸭科鹊鸭属的鸟类，俗名金眼鸭、喜鹊鸭、白脸鸭。是一種中型海鴨，屬於鵲鴨屬（Bucephala），鴨科。牠的最接近的親戚是類似的巴氏鵲鴨。 這個屬名來自古希臘語boukephalos （""牛頭"", 由bous, ""牛 ""和kep…",60,-110
bird-白秋沙鸭-1c71a006,白秋沙鸭,Smew,Mergellus albellus,白秋沙鴨（Mergellus albellus），或簡稱白秋沙，又名斑頭秋沙鴨、斑頭秋沙或小秋沙，是一種小型潜鸭，介乎秋沙鴨屬及鵲鴨屬之間，會與鵲鴨混種。牠們是小秋沙屬下的唯一種。 2022年，“中国鸟类名录”10.0版将白秋沙鸭的中文名恢复为传统中文名斑头秋沙鸭。,66.66666667,171
bird-棕胁秋沙鸭-2b6a3655,棕胁秋沙鸭,Hooded merganser,Lophodytes cucullatus,棕胁秋沙鸭（台湾作鏡冠秋沙）（学名：Lophodytes cucullatus），是雁形目鸭科的一种鸟类。 特征 棕胁秋沙鸭体重约613.77克，翼长约186.6毫米，嘴峰长约39.6毫米，喙宽度约8.3毫米，喙厚度约9.3毫米，跗蹠长约29.2毫米，尾长约85.6毫米。棕胁秋…,54,-106
bird-红胸秋沙鸭-7df30891,红胸秋沙鸭,Red-breasted merganser,Mergus serrator,红胸秋沙鸭（学名：Mergus serrator）为鸭科秋沙鸭属的鸟类。主要分佈於北半球的大部分地區。該物種名稱中的紅胸只有在繁殖羽的雄性中才會顯現。個體飛行迅速，通過從水面潛水來追捕水生動物，並使用鋸齒狀的喙來捕捉滑溜的魚類。牠們每年從湖泊和河流的繁殖地遷徙到主要的沿海越冬區…,,
bird-中华秋沙鸭-e597b5a6,中华秋沙鸭,Scaly-sided merganser,Mergus squamatus,中华秋沙鸭（学名：Mergus squamatus）为鸭科秋沙鸭属的鸟类，也称鳞胁秋沙鸭、唐秋沙。1989年被列为中国国家一级保护动物，是当时鸭科鸟类中唯一一种，也经常被称为“国鸭”。 分布 分布于俄罗斯西伯利亚以及中国的黑龙江、吉林、河北、珠江大广海湾及长江以南等地，日本、韩…,43,125
bird-褐秋沙鸭-14f6a520,褐秋沙鸭,Brazilian merganser,Mergus octosetaceus,褐秋沙鸭（台湾作髮冠秋沙）（学名：Mergus octosetaceus），是雁形目鸭科的一种鸟类。 特征 褐秋沙鸭体重约983克，翼长约196.2毫米，嘴峰长约56.1毫米，喙宽度约7.9毫米，喙厚度约10.4毫米，跗蹠长约38.6毫米，尾长约81毫米。褐秋沙鸭在其分布区内为…,,
bird-普通秋沙鸭-9e08f741,普通秋沙鸭,Common merganser,Mergus merganser,普通秋沙鸭（学名：Mergus merganser）为鸭科秋沙鸭属的鸟类，又名川秋沙，俗稱潜水鸭、拉他（邋遢）鸭子、大锯嘴鸭子、鱼钻子或秋沙鸭。分布于西伯利亚、欧洲、北美洲、以及上述以南各地几乎遍布整个北半球以及中国大陆的北京雁栖湖怀柔水库黑龙江以至新疆、青海、西藏、及上述以南…,,
bird-瘤鸭-ec318cf3,瘤鸭,Knob-billed duck,Sarkidiornis melanotos,瘤鸭（学名：Sarkidiornis melanotos）为鸭科瘤鸭属的鸟类。分布于非洲、马达加斯加、斯里兰卡、印度、孟加拉、缅甸、泰国、中南半岛、南美洲以及中国大陆的福建等地，多生活于森林附近的湖沼以及河流。该物种的模式产地在斯里兰卡。 亚种 瘤鸭指名亚种（学名：Sarkid…,,
bird-美洲瘤鸭-02a80c20,美洲瘤鸭,Comb duck,Sarkidiornis sylvicola,美洲瘤鸭（台湾作南美瘤鴨）（学名：Sarkidiornis sylvicola），是雁形目鸭科的一种鸟类。 特征 美洲瘤鸭体重约2610克，翼长约304.5毫米，嘴峰长约52.5毫米，喙宽度约21.4毫米，喙厚度约18.3毫米，跗蹠长约54.4毫米，尾长约98.8毫米。美洲瘤鸭…,-23,-58
bird-山蓝鸭-dab89d6d,山蓝鸭,Blue duck,Hymenolaimus malacorhynchos,山鸭（台湾作山藍鴨）（学名：Hymenolaimus malacorhynchos；英语：Blue Duck、Mountain Duck、Blue Mountain Duck；毛利语：Whio）是鸭科山藍鴨屬（Hymenolaimus）的唯一一种生物，仅见于新西兰，新西兰十元纸…,-41.011597,175.170107
bird-鬃林鸭-07efdfef,鬃林鸭,Australian wood duck,Chenonetta jubata,鬃林鸭（学名：Chenonetta jubata），是雁形目鸭科的一种鸟类。 特征 鬃林鸭体重约807.46克，翼长约258.8毫米，嘴峰长约36.5毫米，喙宽度约13.6毫米，喙厚度约9.7毫米，跗蹠长约47.8毫米，尾长约93.7毫米。鬃林鸭在其分布区内为留鸟，其栖息在开放…,-25,133
bird-蓝翅雁-f6765540,蓝翅雁,Blue-winged goose,Cyanochen cyanoptera,蓝翅雁（学名：Cyanochen cyanoptera），是雁形目鸭科的一种鸟类。 特征 蓝翅雁体重约1520克，翼长约326.2毫米，嘴峰长约31毫米，喙宽度约16.4毫米，喙厚度约13.3毫米，跗蹠长约56.2毫米，尾长约112.5毫米。蓝翅雁在其分布区内为留鸟，其栖息在开…,,
bird-藍翅棲鴨-d2c33ac7,藍翅棲鴨,Hartlaub's duck,Pteronetta hartlaubii,藍翅棲鴨（Pteronetta hartlaubii）是非洲森林中一種呈深栗色的鴨。牠們最初被認為是棲鴨，後來被改為屬於鑽水鴨。但是，牠們始終與之有所分別，故被分類在獨有的屬中。 黑头凫体重约790克，翼长约267毫米，嘴峰长约50毫米，喙宽度约19.8毫米，喙厚度约15.4毫…,,
bird-云石斑鸭-37f815db,云石斑鸭,Marbled duck,Marmaronetta angustirostris,云石斑鸭（学名：Marmaronetta angustirostris）是鸭科单型属云石斑鸭属中的唯一一种。 形态特征 云石斑鸭体型较小，身体细长，头部较大，长约40厘米。身体大部分羽毛呈沙褐色，上下体羽有黄白色点斑。颜面部颜色较淡，嘴呈蓝灰色，虹膜深褐色。脚呈橄榄绿色至暗淡黄…,,
bird-白翅棲鴨-1e4db1c1,白翅棲鴨,White-winged duck,Asarcornis scutulata,白翅棲鴨（Asarcornis scutulata），又名白翼木鴨，是一種鴨。 特徵 白翅棲鴨屬大型棲鴨，羽毛黑色，腳短，腳爪強而尖，雙翼有白色的覆羽。頭頸都是白色，滿佈黑點。雄鴨及雌鴨的體型及顏色相似，但雌鴨較雄鴨細小，色澤亦較暗。牠們日間會在大樹的葉叢中休息，晚間會於森林中…,,
bird-赤嘴潜鸭-8dcb9db1,赤嘴潜鸭,Red-crested pochard,Netta rufina,赤嘴潜鸭（学名：Netta rufina）为鸭科狭嘴潜鸭属的鸟类，俗名大红头。是一種大型的潛水鴨。其學名源自希臘語 Netta “鴨”，以及拉丁語 rufina，意為“金紅色”（來自 rufus，“紅潤”）。 分布與棲地 分布于亚洲、欧洲、印度、非洲，包括中国大陆的内蒙古、新疆…,,
bird-灰嘴潜鸭-92b7c723,灰嘴潜鸭,Southern pochard,Netta erythrophthalma,灰嘴潜鸭（学名：Netta erythrophthalma），是雁形目鸭科的一种鸟类。 特征 灰嘴潜鸭体重约780.38克，翼长约208毫米，嘴峰长约45毫米，喙宽度约19.5毫米，喙厚度约13.5毫米，跗蹠长约33.6毫米，尾长约52.4毫米。灰嘴潜鸭是部分迁徙的鸟类，其栖息…,,
bird-粉嘴潜鸭-4460b23c,粉嘴潜鸭,Rosy-billed pochard,Netta peposaca,粉嘴潜鸭（学名：Netta peposaca），是雁形目鸭科的一种鸟类。 特征 粉嘴潜鸭体重约999.99克，翼长约230.7毫米，嘴峰长约61.3毫米，喙宽度约21.5毫米，喙厚度约14.3毫米，跗蹠长约37.6毫米，尾长约62.2毫米。粉嘴潜鸭是部分迁徙的鸟类，其栖息在开放…,-34,-64
bird-白眼潜鸭-3cf5761f,白眼潜鸭,Ferruginous duck,Aythya nyroca,白眼潜鸭（学名：Aythya nyroca）为鸭科潜鸭属的鸟类，俗名白眼凫。是一種來自歐亞大陸的中型潛鴨。其學名源自希臘文 aithuia，由包括赫西丘斯和亞里士多德在內的作者提到的一種不明的海鳥，以及nyrok，俄羅斯語中指稱鴨子的名稱。 描述 繁殖期的雄鴨頭部、胸部和體側呈…,44,35
bird-馬島潛鴨-f075b1ff,馬島潛鴨,Madagascar pochard,Aythya innotata,"馬島潛鴨，又稱馬達加斯加潛鴨（學名：Aythya innotata，馬達加斯加語：Fotsy maso, Onjo）是馬達加斯加一種極為罕見的潛水鴨，屬於潛鴨屬，1990年代本被認為已絕種，不過2006年在Matsaborimena湖重新被發現，至2017年秋季約有90隻個體，…",-17.5,48.5
bird-青头潜鸭-7a252707,青头潜鸭,Baer's pochard,Aythya baeri,青头潜鸭（學名：Aythya baeri）又名东方白眼鸭、白目凫、青头鸭，为鸭科潜鸭属的鸟类，繁殖于中国华北地区和华中地区，曾经繁殖于中国东北地区及毗邻的俄罗斯远东地区东南部；越冬于中国大陆黄河以南的大部分地区，台湾、日本，最南可到东亚和东南亚地区。青头潜鸭是單型物种，没有亚种…,37.763,119.162
bird-澳洲潜鸭-4637ae6c,澳洲潜鸭,Hardhead,Aythya australis,澳洲潜鸭（学名：Aythya australis）为鸭科潜鸭属鸟类，是澳大利亚目前已知的唯一潜鸭族鸟类。英文俗称“Hardhead”，这个名字与其头骨的密度无关，而是指早期动物标本剥制人员在处理头部时遇到的困难。 澳洲潜鸭分布于澳大利亚较潮湿的沿海地区，特别是东南部，也分布于远…,-6,142
bird-红头潜鸭-f53ebe99,红头潜鸭,Common pochard,Aythya ferina,红头潜鸭（学名：Aythya ferina），又名矶凫、矶雁，为潜鸭属鸟类，雄鸟有枣红色头部与黑色的前胸和臀部，而雌鸟则大体为褐色。其广泛分布于古北界，多栖息于湿地、沼泽、湖泊以及流速缓慢的河流中，主要以沉水植物为食。该鸟一窝可生下8—10枚卵，巢穴为垫有植物的土坑。目前红头潜…,54,-4
bird-帆背潛鴨-cb027184,帆背潛鴨,Canvasback,Aythya valisineria,帆背潛鴨（学名：Aythya valisineria），又名美洲磯雁，为鴨科潛鴨屬下的一个种。是一種潛水鴨，是北美洲發現的最大鴨類。 分類 蘇格蘭裔美國博物學家亞歷山大·威爾遜於1814年描述了帆背潛鴨。屬名來源於希臘語aithuia，是包括赫西丘斯和亞里士多德在內的作家提到的…,,
bird-环颈潜鸭-d741ba27,环颈潜鸭,Ring-necked duck,Aythya collaris,环颈潜鸭（學名：Aythya collaris）是北美洲的一種潛水鴨，屬於潛鴨屬，常見於淡水湖泊與池塘中。其種小名collaris來源自拉丁文的collum，意指脖子。 外形 环颈潜鸭是中小型的潛水鴨，得名自頸部一圈肉桂色的環紋，但通常不明顯，要趨近觀察才能看到。雄鴨與相似的物…,,
bird-紅髮-d1c687e5,紅髮,Red hair,,紅髮是一種1%至2%的人口擁有的髮色，顏色屬於紅色系或橙色系，包括酒紅色、棕紅色、亮銅色和紅橙色。 人口分佈 據統計，目前大約有1%至2%的人口擁有紅髮。紅髮最常出現於歐洲北部和西部。,,
bird-凤头潜鸭-02eba724,凤头潜鸭,Tufted duck,Aythya fuligula,凤头潜鸭（Tufted Duck，学名：Aythya fuligula）是一種中等大小的潛鴨，又名泽凫、凤头鸭子、黑头四鸭。 生态环境 凤头潜鸭常活动于内陆的河流、池塘和其他开阔水面，夜间栖息于岸边的软泥滩，或者在离岸不远的水面上漂浮，他们喜欢比较清澈的深水环境，在浅水和污染比…,,
bird-紐西蘭潛鴨-aa15bf28,紐西蘭潛鴨,New Zealand scaup,Aythya novaeseelandiae,"紐西蘭潛鴨（學名：Aythya novaeseelandiae，毛利語：papango, matapouri, titiporangi, raipo）是紐西蘭的一種潛水鴨，為紐西蘭的特有種。 外形 紐西蘭潛鴨體長40—46厘米（16—18英寸），大致呈深棕色至灰色，雄鴨頭部稍帶…",,
bird-小斑背潛鴨-321b9847,小斑背潛鴨,Lesser scaup,Aythya affinis,小潜鸭（台湾作小斑背潛鴨）（學名：Aythya affinis），是一種產於北美的小型雁鴨科潛鴨屬鳥類，冬天會向南遷徙到中美洲。本種與斑背潛鴨（A. marila）關係接近，兩者同屬於一個複合種 。,44.12555556,-123.10555556
bird-斑背潜鸭-38f9d560,斑背潜鸭,Greater scaup,Aythya marila,斑背潜鸭（学名：Aythya marila）为鸭科潜鸭属的鸟类，俗名铃凫、东方蚬鸭。分布于欧亚大陆、冰岛、北美洲、印度、日本、朝鲜、欧洲西部沿岸、地中海沿岸、黑海沿岸、台湾岛以及中国大陆的东北、河北、山东、长江以南东部各省、广东、广西等地，主要栖息于内陆水面、南方海岸、海港、河…,45,-84
bird-花紋鴨-291b0552,花紋鴨,Salvadori's teal,Salvadorina waigiuensis,花紋鴨（學名：Salvadorina waigiuensis）又名薩爾瓦多水鴨，是新幾內亞的一種特有種鳥類，屬於單型屬花紋鴨屬（Salvadorina），即該屬只有花紋鴨一種物種。花紋鴨偏好棲息於流動快速的河流中，但也可能在靜水中被發現，IUCN將其列為易危物種，其數量可能因棲…,-6,142
bird-鳳頭鴨-66accc90,鳳頭鴨,Crested duck,Lophonetta specularioides,冠鸭（台湾作鳳頭鴨）（Lophonetta specularioides）是一種原生於南美洲的鴨科單型屬物种。 由於鳳頭鴨的英語名稱（英語：Crested Duck）跟冠麻鴨（英語：Crested Shelduck）非常相似，有香港傳媒在報導新聞時會把兩者混淆；但事實上，新聞報…,-51,-73
bird-铜翅鸭-40c94bc4,铜翅鸭,Bronze-winged duck,Speculanas specularis,铜翅鸭（学名：Speculanas specularis），是雁形目鸭科的一种鸟类。 特征 铜翅鸭体重约1496.07克，翼长约261.8毫米，嘴峰长约52.2毫米，喙宽度约19.3毫米，喙厚度约15.9毫米，跗蹠长约44.3毫米，尾长约108.6毫米。铜翅鸭在其分布区内为留鸟…,,
bird-巴西凫-a4be1019,巴西凫,Brazilian teal,Amazonetta brasiliensis,巴西凫（台湾作巴西鴨）（学名：Amazonetta brasiliensis）是雁鸭科巴西凫属（Amazonetta）的唯一一种，广泛分布于南美洲淡水水域。它曾被视为一种栖鸭，但后来发现其实是一种钻水鸭。 特征 巴西凫体重约499.99克，翼长约180.6毫米，嘴峰长约38.9…,,
bird-花斑船鸭-f3bae1e0,花斑船鸭,Flying steamer duck,Tachyeres patachonicus,花斑船鸭（学名：Tachyeres patachonicus），是雁形目鸭科的一种鸟类。 特征 花斑船鸭体重约2821.55克，翼长约287毫米，嘴峰长约53.7毫米，喙宽度约25毫米，喙厚度约20.3毫米，跗蹠长约53.1毫米，尾长约98毫米。花斑船鸭是部分迁徙的鸟类，其栖息…,,
bird-灰船鸭-c1af5068,灰船鸭,Fuegian steamer duck,Tachyeres pteneres,灰船鸭（学名：Tachyeres pteneres），是雁形目鸭科的一种不會飛的鳥。 特征 灰船鸭体重约4737.59克，翼长约260.8毫米，嘴峰长约60.1毫米，喙宽度约31.4毫米，喙厚度约24.6毫米，跗蹠长约62.3毫米，尾长约94.6毫米。灰船鸭是部分迁徙的鸟类，其…,-34,-71
bird-短翅船鸭-093f13da,短翅船鸭,Falkland steamer duck,Tachyeres brachypterus,短翅船鸭（学名：Tachyeres brachypterus）或称福克兰蒸汽鸭、福克兰汽船鸭（英語：Falkland steamer duck），是雁形目鸭科的一种鸟类。 特征 短翅船鸭体重约3450克，翼长约244.8毫米，嘴峰长约60.1毫米，喙宽度约27.8毫米，喙厚度约…,,
bird-白头船鸭-1dbea11e,白头船鸭,Chubut steamer duck,Tachyeres leucocephalus,白头船鸭（学名：Tachyeres leucocephalus），是雁形目鸭科的一种鸟类。 特征 白头船鸭体重约3013克，翼长约275毫米，嘴峰长约61.5毫米，喙宽度约27.4毫米，喙厚度约22.5毫米，跗蹠长约63毫米，尾长约165毫米。白头船鸭是部分迁徙的鸟类，其栖息在…,-41.5,-64.5
bird-花脸鸭-09ba3df2,花脸鸭,Baikal teal,Sibirionetta formosa,花脸鸭（学名：Sibirionetta formosa）为鸭科鮮卑鴨屬的唯一物種，又名巴鸭、黄尖鸭、黑眶鸭，亦俗稱元鸭、晃鸭、王鸭、眼镜鸭。是一種涉水鴨，主要繁殖於東部俄羅斯，冬季在東亞過冬。 分類 巴鴨首次由德國自然學家約翰·戈特利布·格奧爾基於1775年根據雙名法Anas…,66,94
bird-白眉鸭-c50d4eea,白眉鸭,Garganey,Spatula querquedula,白眉鸭（学名：Spatula querquedula）为鸭科匙嘴鸭属的鸟类，俗名溪的鸭、巡凫、小石鸭。是一種小型涉禽鴨。它在歐洲大部分地區和古北界繁殖，但屬於遷徙性侯鳥，整個種群會在北半球的冬季遷徙到非洲、印度（尤其是桑特拉加奇）、孟加拉國（錫爾赫特地區的自然水庫）和澳大拉西亞…,22.58017,88.26963
bird-南非鸭-3fdb292d,南非鸭,Blue-billed teal,Spatula hottentota,南非鸭（学名：Spatula hottentota），是雁形目鸭科的一种鸟类。 特征 南非鸭体重约276.36克，翼长约147毫米，嘴峰长约36毫米，喙宽度约12.7毫米，喙厚度约11.1毫米，跗蹠长约23.4毫米，尾长约61.8毫米。南非鸭在其分布区内为留鸟，其栖息在开放的湖…,-12.5,18.5
bird-安地斯銀鴨-386d1e13,安地斯銀鴨,Puna teal,Spatula puna,安第斯银鸭（香港作安地斯銀鴨，台湾作普納高原鴨）（學名：Spatula puna）是一種鑽水鴨，過去曾被認為是銀鴨的一個亞種，現已提升至物種階層。安地斯銀鴨分布於祕魯的安地斯山區、玻利維亞西部、智利北部、與阿根廷最西北部的阿他加馬高原，棲息在阿爾蒂普拉諾高原等地的大型的湖泊中。…,-32,-70
bird-銀鴨-b50cfdcc,銀鴨,Silver teal,Spatula versicolor,銀鴨（學名：Spatula versicolor）是一種南美洲常見的鑽水鴨，棲息於淡水湖泊、沼澤中，以水生植物與無脊椎動物為食。其种加词“versicolor”意为“颜色多样的”。 形態 銀鴨體長38-43公分，最明顯的特徵是頭部從眼睛下方至頭頂均為黑色，且喙為淺藍色，喙的兩側…,-10,-52
bird-赤琵嘴鴨-fb794983,赤琵嘴鴨,Red shoveler,Spatula platalea,赤琵嘴鴨是分佈於南美洲南部的一種鑽水鴨，在該地相當常見，鍋鏟狀的喙與紅色的身體為其特色。 外形 赤琵嘴鴨體長45-56公分，喙形似鍋鏟，呈黑色，雄鴨上背、胸部與腹部為紅色至肉桂色，上有許多黑色斑點，下背部與尾部為黑色，尾巴長且尖，肛門附近兩側皆有白羽，頭部呈較淺的暗黃色，頭頂亦…,-54,-70
bird-蓝翅鸭-41655b94,蓝翅鸭,Blue-winged teal,Spatula discors,蓝翅鸭（学名：Spatula discors），是雁形目鸭科的一种鸟类。 特征 蓝翅鸭体重约359.44克，翼长约178.3毫米，嘴峰长约47.3毫米，喙宽度约15.6毫米，喙厚度约12.6毫米，跗蹠长约29.1毫米，尾长约66.7毫米。蓝翅鸭是候鸟，其栖息在开放的湖泊、沼泽等…,64,-152
bird-桂紅鴨-09c2da9b,桂紅鴨,Cinnamon teal,Spatula cyanoptera,桂紅鴨（學名：Spatula cyanoptera）是一種鑽水鴨，分布於北美洲西部與南美洲，雄鳥羽毛為鮮豔的紅色，雌鳥羽毛則為棕色。這種鴨棲息於沼澤與池塘中，以植物與小型無脊椎動物為食。 外形 桂紅鴨身長約41公分，雄鴨頭部與身體均呈桂紅色，背部為棕色，眼睛紅色，喙則是黑色。雌…,-32,-70
bird-褐顶琵嘴鸭-93057fab,褐顶琵嘴鸭,Cape shoveler,Spatula smithii,褐顶琵嘴鸭（学名：Spatula smithii），是雁形目鸭科的一种鸟类。 特征 褐顶琵嘴鸭体重约591.46克，翼长约229.2毫米，嘴峰长约63.6毫米，喙宽度约18.9毫米，喙厚度约16.5毫米，跗蹠长约34.6毫米，尾长约72.5毫米。褐顶琵嘴鸭是部分迁徙的鸟类，其栖…,,
bird-琵嘴鸭-530300c3,琵嘴鸭,Northern shoveler,Spatula clypeata,琵嘴鸭（學名：Spatula clypeata），又名琵琶嘴鸭、铲土鸭、杯凿、广味凫。 生态环境 栖息于开阔地区的湖泊河流等处，也见于山区以及高原上的水域，偶尔也会在村镇附近的污水池塘中。琵嘴鸭不喜欢在长满挺水植物的水域中觅食，在沿海也不常见，但是在咸水水域却也可以看到。琵嘴鸭…,27.98333333,86.91666667
bird-黑顶琵嘴鸭-c0229f74,黑顶琵嘴鸭,Australasian shoveler,Spatula rhynchotis,黑顶琵嘴鸭（学名：Spatula rhynchotis）是雁形目鸭科的一种鸟类。 特征 黑顶琵嘴鸭体重约638.96克，翼长约224.2毫米，嘴峰长约63.8毫米，喙宽度约19.4毫米，喙厚度约17.4毫米，跗蹠长约30.8毫米，尾长约71毫米。黑顶琵嘴鸭在其分布区内为留鸟，其…,,
bird-罗纹鸭-bba814be,罗纹鸭,Falcated duck,Mareca falcata,罗纹鸭（學名：Mareca falcata），又名葭凫、罗文鸭、镰刀毛小鸭、镰刀鸭、扁头鸭、早鸭、三鸭。 特征 罗纹鸭系中等体形的Mareca属鸟类，体长约为50厘米左右。本物种雄雌异形异色，雄鸟头部为带金属光泽的紫红色，额部近嘴基处有一很小的白色色块；后颈及颈侧的羽毛略长，垂…,,
bird-赤膀鸭-ca78d23d,赤膀鸭,Gadwall,Mareca strepera,赤膀鴨（學名：Mareca strepera），俗稱漈鳧，是一種廣泛分佈的鴨。牠們最初是由卡爾·林奈於1758年描述。 特徵 赤膀鴨長約46-56厘米，翼展78-90厘米。繁殖期的雄鴨呈灰色，形成一種圖案，尾巴黑色，翼斑毛呈白色。非繁殖期時的雄鴨則像雌鴨。,,
bird-赤颈鸭-ce01b4b3,赤颈鸭,Eurasian wigeon,Mareca penelope,赤颈鸭（學名：Mareca penelope），又名欧亚赤颈鸭、欧洲赤颈鸭、赤颈凫、鹅子鸭、红鸭。 生态环境 赤颈鸭经常活动在浅水水域，可见于不深的沼泽、湖泊以及河流的沿岸地区，尤其常见于水草丛生的岸边，偶尔也见于开阔水面，能潜水。离水升起时呈直线起飞，迁徙时常与其他雁形目鸟类…,54.5,-3.16666667
bird-葡萄胸鴨-c42648b2,葡萄胸鴨,American wigeon,Mareca americana,绿眉鸭（香港作綠眉鴨，台湾作葡萄胸鴨）（学名：Mareca americana），为雁鴨科亚鸭属下的一个种。是一種生活在北美洲的涉禽鴨。這個物種以前被歸類於鴨屬（Anas），現在與其他野鴨一起被分類在涉亞鴨屬（Mareca）中。牠是赤頸鴨在新大陸的對應物種。 分類 葡萄胸鴨由德…,,
bird-黑白斑胸鸭-38a0b700,黑白斑胸鸭,Chiloé wigeon,Mareca sibilatrix,黑白斑胸鸭（学名：Mareca sibilatrix），是雁形目鸭科的一种鸟类。 特征 黑白斑胸鸭体重约923.16克，翼长约245毫米，嘴峰长约37.6毫米，喙宽度约15.2毫米，喙厚度约12.2毫米，跗蹠长约36.3毫米，尾长约83.8毫米。黑白斑胸鸭是部分迁徙的鸟类，其栖…,,
bird-非洲黑鴨-4cf20773,非洲黑鴨,African black duck,Anas sparsa,非洲黑鸭（台湾作黑鴨）（學名：Anas sparsa）是一種深色的鑽水鴨，分佈於非洲中部與南部。非洲黑鴨在鴨屬中親緣關係與綠頭鴨類的物種較為接近。 外形 非洲黑鴨體長48-57公分，雄鴨通常較雌鴨為大。體色為黑色，但背部有相當明顯的白色斑點，喙亦為深色，腿部與腳呈橘色。其翼鏡呈…,-30,25
bird-麻斑鸭-4036db27,麻斑鸭,Meller's duck,Anas melleri,麻斑鴨（學名：Anas melleri）是一種鑽水鴨，是馬達加斯加東部的特有種，十八世紀中葉起亦在模里西斯建立族群，但可能已因棲地破壞與當地其他種鴨的競爭而消失。麻斑鴨的種小名為紀念植物學家查爾斯·詹姆士·梅勒（Charles James Meller）。 外形 麻斑鴨的外形與…,,
bird-非洲黄嘴鸭-2a38f5a2,非洲黄嘴鸭,Yellow-billed duck,Anas undulata,非洲黄嘴鸭（台湾作黃嘴鴨）（学名：Anas undulata），是雁形目鸭科的一种鸟类。 特征 非洲黄嘴鸭体重约1008克，翼长约240.6毫米，嘴峰长约53.3毫米，喙宽度约18.7毫米，喙厚度约13.9毫米，跗蹠长约37.1毫米，尾长约96毫米。非洲黄嘴鸭是部分迁徙的鸟类，…,,
bird-棕頸鴨-f1306780,棕頸鴨,Philippine duck,Anas luzonica,棕颈鸭（台湾作菲律賓鴨）（学名：Anas luzonica），又名吕宋鸭，是雁形目鸭科的一种鸟类。 其本地名稱為 papan。它是菲律賓的特有種。,,
bird-太平洋黑鴨-fa8f60fa,太平洋黑鴨,Pacific black duck,Anas superciliosa,太平洋黑鴨（學名：Anas superciliosa），又名紐西蘭灰鴨（毛利語：pārera），是一種鑽水鴨，分佈於印尼、新幾內亞、澳大利亞、紐西蘭與西南太平洋的許多島嶼，北至加羅林群島，東抵法屬玻里尼西亞。太平洋黑鴨可棲息於各種水體中，棲地與綠頭鴨相似，在紐西蘭受到綠頭鴨嚴重…,-5,120
bird-夏威夷鸭-7aac23c7,夏威夷鸭,Hawaiian duck,Anas wyvilliana,夏威夷鸭（学名：Anas wyvilliana），是雁形目鸭科的一种鸟类。 特征 夏威夷鸭体重约843.42克，翼长约220毫米，嘴峰长约47.2毫米，喙宽度约15.8毫米，喙厚度约13.6毫米，跗蹠长约34毫米，尾长约69.8毫米。夏威夷鸭在其分布区内为留鸟，其栖息在开放的河…,,
bird-列山島野鴨-e6197fdc,列山島野鴨,Laysan duck,Anas laysanensis,莱岛鸭（台湾作來珊鴨）（Anas laysanensis），又名雷仙島鴨、列山島野鴨或來散島鴨，是夏威夷群島特有的一種細小鑽水鴨。化石紀錄顯示牠們曾分佈在所有的群島上，但現只在三個獨立及細小的島上生存。 分類 莱岛鸭是由羅斯柴爾德（Lionel Walter Rothschil…,,
bird-中華斑嘴鴨-550f66bc,中華斑嘴鴨,Eastern spot-billed duck,Anas zonorhyncha,斑嘴鸭（香港作中華斑嘴鴨，台湾作花嘴鴨）（學名：Anas zonorhyncha），别名东方斑嘴鸭、谷鸭、黄嘴尖鸭、火燎鸭，是屬於鴨科鴨屬的一種鸟类。分佈於東亞，共有80-160萬隻，數量有下跌的趨勢。這個物種以前被認為是印度斑嘴鴨的亞種，兩者都被稱為斑嘴鴨（A. poecil…,,
bird-印度斑嘴鸭-eeca92db,印度斑嘴鸭,Indian spot-billed duck,Anas poecilorhyncha,印度斑嘴鸭（香港作印緬斑嘴鴨，台湾作印緬花嘴鴨）（学名：Anas poecilorhyncha），属鸭科动物。 特征 体大（60厘米）深褐色鸭。头色浅，顶及眼线色深，嘴黑而嘴端黄且于繁殖期黄色嘴端顶尖有一黑点为本种特征。喉及颊皮黄。白色的三级飞羽有时停栖时可见，飞行时甚明显。两…,,
bird-绿头鸭-3440c469,绿头鸭,Mallard,Anas platyrhynchos,绿头鸭（学名：Anas platyrhynchos）又名大头绿（雄）、蒲鸭（雌）、野鴨，古稱鳧，是一種水鴨，在溫帶和亞熱帶的美洲、歐亞大陸和北非繁殖。它被引進到紐西蘭、澳大利亞、秘魯、巴西、烏拉圭、阿根廷、智利、哥倫比亞、福克蘭群島和南非。這種鴨屬於鴨亞科的雁形目鴨科。雄鴨（公…,14.52555556,-75.81833333
bird-墨西哥鴨-07864069,墨西哥鴨,Mexican duck,Anas diazi,墨西哥鴨（學名：Anas diazi）是一種鑽水鴨，分佈於墨西哥與美國新墨西哥州、亞利桑那州與德克萨斯州南方，墨西哥鴨大多數不會遷徙，但少數棲地較北方的族群會南遷至墨西哥過冬。墨西哥鴨可棲息於溪流與湖泊等多數水域，喜歡食用紫花苜蓿的幼芽，其種小名是為紀念墨西哥地理學家與工程師奧…,,
bird-北美黑鸭-2fd55c82,北美黑鸭,American black duck,Anas rubripes,北美黑鸭（台湾作綠嘴黑鴨）（学名：Anas rubripes），是雁形目鸭科的一种鸟类。 特征 北美黑鸭体重约1240.96克，翼长约267.2毫米，嘴峰长约59.4毫米，喙宽度约20.4毫米，喙厚度约17毫米，跗蹠长约41.9毫米，尾长约73.5毫米。北美黑鸭是部分迁徙的鸟类…,45,-84
bird-北美斑鸭-07422364,北美斑鸭,Mottled duck,Anas fulvigula,北美斑鸭（台湾作斑點鴨）（学名：Anas fulvigula），是雁形目鸭科的一种鸟类。 特征 北美斑鸭体重约843.42克，翼长约244.5毫米，嘴峰长约59.2毫米，喙宽度约21.9毫米，喙厚度约15.9毫米，跗蹠长约40.5毫米，尾长约85.2毫米。北美斑鸭是部分迁徙的鸟…,,
bird-綠翅灰斑鴨-63f04e4d,綠翅灰斑鴨,Cape teal,Anas capensis,綠翅灰斑鴨（Anas capensis）是一種長44-46厘米的鑽水鴨，棲息在撒哈拉以南非洲的遼闊濕地。其种加词“capensis”意为“南非开普省的/好望角的”。 綠翅灰斑是候鳥，但只跟隨雨水而遷徙。雌鴨及雄鴨相似。牠們非常淡色，主要呈灰色，背部褐色，喙是粉紅色的。這些特徵都…,,
bird-白臉針尾鴨-4a4a2898,白臉針尾鴨,White-cheeked pintail,Anas bahamensis,白臉針尾鴨（學名：Anas bahamensis）又名巴哈馬針尾鴨，是一種鑽水鴨，最早由瑞典生物學家卡爾·林奈於1758年在其著作《自然系統第十版》中描述發表。 外形 白臉針尾鴨體長為38-51公分，身體與頭頂為棕色，與臉部與喉部的白色呈鮮明對比是其特徵。喙的基部是紅色，其他部…,14.52555556,-75.81833333
bird-赤嘴鸭-c0d7156e,赤嘴鸭,Red-billed teal,Anas erythrorhyncha,赤嘴鸭（学名：Anas erythrorhyncha），是雁形目鸭科的一种鸟类。 特征 赤嘴鸭体重约558.82克，翼长约215毫米，嘴峰长约43.8毫米，喙宽度约15.9毫米，喙厚度约13.9毫米，跗蹠长约33毫米，尾长约77.2毫米。赤嘴鸭是部分迁徙的鸟类，其栖息在开放的湖…,,
bird-黃嘴針尾鴨-d8ab537b,黃嘴針尾鴨,Yellow-billed pintail,Anas georgica,黃嘴針尾鴨（學名：Anas georgica）是南美洲的一種鴨，屬於鑽水鴨，黃色的喙部為其特色。本種之下又可分為三個亞種。 外形 黃嘴針尾鴨的頭部、頸部與羽毛均呈棕色，喙為黃色，但尖端是黑色，且喙的中間有一黑色條紋，其尾呈棕色尖狀。這種鴨一般不會鳴叫，只有公鴨在繁殖季時會發出叫…,,
bird-针尾鸭-29d51e10,针尾鸭,Northern pintail,Anas acuta,针尾鸭（學名：Anas acuta）又名尖尾鸭、长尾凫、长闹、拖枪鸭、中鸭，是一種廣泛分佈于北半球的大型鴨屬生物，因其雄鳥有針狀的細長尾羽而得名。與很多分佈廣泛的鳥類不同，针尾鸭沒有亞種。 生态环境 在各种内陆河流、湖泊、低洼湿地都可以见到他们的身影，在开阔的沿海地带，如空旷的…,52,20
bird-凱島針尾鴨-d10bf95a,凱島針尾鴨,Eaton's pintail,Anas eatoni,凱島針尾鴨（學名：Anas eatoni）是一種鑽水鴨，分佈範圍局限於印度洋南方的凱爾蓋朗群島與克羅澤群島（皆屬於法屬南部和南極領地），有時也作為迷鳥出現在南極洲。其種小名是為紀念英國探險家與博物學家Alfred Edmund Eaton。其族群可能受到外來種流浪貓的威脅，被I…,,
bird-美洲绿翅鸭-efd89bc6,美洲绿翅鸭,Green-winged teal,Anas carolinensis,美洲绿翅鸭（香港作美洲綠翅鴨，台湾作美洲小水鴨）（学名：Anas carolinensis），是一种常见且广布的鸭科鸟类，分布于北美洲大部分地区。 参考资料 外部链接,52.2,-174.2
bird-斑頭綠翅鴨-5245a118,斑頭綠翅鴨,Yellow-billed teal,Anas flavirostris,黄嘴鸭（台湾作斑頭綠翅鴨）（學名：Anas flavirostris）是南美洲常見的一種鴨，分布於阿根廷、智利、福克蘭群島、玻利維亞、烏拉圭與巴西，其族群已拓展至南喬治亞，最早於1971年被記錄到在該島繁殖。黄嘴鸭棲息於淡水濕地，偏好生存在沼澤等不流動的水體中。因其分佈廣泛且在…,-34,-64
bird-斑頭鴨-b57fe977,斑頭鴨,Andean teal,Anas andium,斑頭鴨（學名：Anas andium）是南美洲的一種鴨，是一種鑽水鴨，分佈於哥倫比亞、委內瑞拉與厄瓜多等國的安地斯高地，偏好棲息於靜止的水體中。 分類 斑頭鴨有時與黃嘴鴨被認為是同種，都屬於A.,,
