id,name,summary,lat,lng
loc-zhalong,扎龙湿地,中国东北重要国际湿地，典型芦苇沼泽景观。,47.216,124.168
loc-yangxian,陕西洋县,朱鹮野外核心分布区及重引入扩散源头。,33.223,107.546
loc-changbai,长白山,中华秋沙鸭重要繁殖区域，山地河谷与森林镶嵌明显。,42.034,128.073
loc-maipo,米埔湿地,东亚—澳大利西亚迁飞通道关键停歇地。,22.494,114.042
loc-taijiang,台江湿地,黑脸琵鹭越冬与栖息的重要海岸湿地。,23.007,120.129
loc-big-sur,加州海岸山地,加州神鹫放归与活动核心区域之一。,35.365,-120.848
loc-mindanao,棉兰老山地,菲律宾鹰的核心分布岛屿之一。,7.101,125.274
loc-fjordland,峡湾国家公园近海离岸岛,新西兰鸮鹦鹉保育管理常用离岸岛群。,-45.417,167.718
loc-ross-sea,罗斯海,南极大型企鹅繁殖群的重要海冰区域。,-77.5,179.0
loc-lake-victoria,维多利亚湖湿地,东非灰冠鹤活动频繁的湿地—农田复合景观。,-1.242,33.061
loc-安东-赖歇诺-43b8e534,安东·赖歇诺,安东·赖歇诺（德語：Anton Reichenow，1847年8月1日—1941年7月6日）是德国鳥類學家和爬虫两栖类学家。 生平 安东·赖歇诺是德国鸟类研究学家吉恩·路易斯·卡巴尼斯的女婿，1874年至1921年在柏林自然博物馆长期工作…,,
loc-非洲之角-b7e64c34,非洲之角,非洲之角（索馬里語：Geeska Afrika；吉茲語：የአፍሪካ ቀንድ；阿拉伯語：القرن الأفريقي），有时按照其地理位置，又称东北非洲，作为一个半岛，则又称索马里半岛。非洲之角位于非洲东北部，是东非的一个半岛，在亚丁湾南岸…,9,48
loc-埃塞俄比亚-0f416c66,埃塞俄比亚,衣索比亞联邦民主共和国（阿姆哈拉語：የኢትዮጵያ ፈደራላዊ ዲሞክራሲያዊ ሪፐብሊክ，拉丁化：ye'ītiyop'iya federalawī dīmokirasīyawī rīpebilīki），简称衣索比亞（ኢትዮጵያ，ʾĪtyō…,9,39
loc-吉布提-1cd999eb,吉布提,吉布提共和國（阿拉伯語：جمهوريه جيبوتي；法語：République de Djibouti；索馬里語：Jamhuuriyadda Jabuuti；阿法爾語：Gabuutih Ummuuno） 通稱吉布地，是一个位于非洲东北部…,11.5,43
loc-肯尼亚-6a7eb970,肯尼亚,肯亞共和國（斯瓦希里語：Jamhuri ya Kenya；英語：Republic of Kenya），通稱肯亞（Kenya），是位於東非，濒临印度洋，與索馬里、埃塞俄比亚、南蘇丹、烏干達、坦桑尼亚接壤，面积约58万平方公里。肯亞人口约52…,1,38
loc-索马里-5b5a7d76,索马里,索馬里联邦共和国（索馬里語：Jamhuuriyadda Federaalka Soomaaliya；阿拉伯語：جمهورية الصومال الفدرالية，Jumhūriyyat aṣ-Ṣūmāl al-Fiderāliyya；英語…,10,49
loc-撒哈拉沙漠-9ea3483a,撒哈拉沙漠,"撒哈拉沙漠（阿拉伯語：الصحراء الكبرى，aṣ-Ṣaḥrāʾ al-Kubrā ， 清朝直譯大沙漠）位於非洲大陸北部，是世界最热的荒漠，亦是世界第三大荒漠，仅次于南极和北极，同时也是世界上最大的沙漠，其总面积超过9,400,00…",23,13
loc-安納托利亞-3d1fe9a9,安納托利亞,安纳托利亚（英語：Anatolia；希臘語：ανατολή；土耳其語：Anadolu；亞拉姆語：ܐܢܛܘܠܝܐ；亞美尼亞語：Անատոլիա），亦作安纳托力亚、安那托利亞、阿纳多卢，又名小亞細亞（土耳其語：Küçük Asya；英語：As…,39,35
loc-達赫拉克群島-38810889,達赫拉克群島,"達赫拉克群島（提格利尼亞語：ዳህላክ，英語：Dahlac Archipelago）是非洲東北部國家厄立特里亞的群島，位於馬薩瓦附近的紅海，由兩個大島和124個小島組成，總面積估計約1,165平方公里，該群島盛產珍珠。群岛中最大的岛屿为大达…",15.83333333,40.2
loc-红海-665a7f6f,红海,"红海（阿拉伯語：البحر الأحمر；希伯來語：יַם סוּף；英語：Red Sea）位于非洲东北部与阿拉伯半岛之间，呈狭长型，长约2250公里，最宽355公里，均深490米，最深3040米，面积438,000平方公里。其西北面通过…",22,38
loc-厄立特里亚-7ee8b9af,厄立特里亚,厄立特里亚国（英語：State of Eritrea，提格利尼亞語：ሃገረ ኤርትራ，阿拉伯語：دولة إرتريا）， 通稱厄利垂亞，是位於非洲東北部的国家，濒临红海，面积11.7万平方公里，人口約368萬人（2024年），首都为阿斯…,15,39
loc-etty-bay-queensland-713f3b95,"Etty Bay, Queensland","Etty Bay is a coastal town and a locality in the Cassowary Coast Region, Queensland, Australia.",-17.5569,146.0886
loc-environment-protection-and-biodiversity-conservation-act-1999-f886c79b,Environment Protection and Biodiversity Conservation Act 1999,The Environment Protection and Biodiversity Conservation Act 1999 (Cth) is an act of the Parliament of Australia that p…,,
loc-澳洲氣候變化-能源-環境和水部-dd65dbe9,澳洲氣候變化、能源、環境和水部,"氣候變化、能源、環境和水部（英語：Department of Climate Change, Energy, the Environment and Water，簡稱：DCCEEW）是澳洲聯邦政府的部門，成立於2022年7月1日，前身為工…",,
loc-澳大利亚政府-9b6920c4,澳大利亚政府,澳洲政府（英語：Australian Government），通稱為「澳洲聯邦政府」，簡稱為「聯邦政府」（Commonwealth Government），是澳大利亚联邦的行政機關。澳洲是一個奉行聯邦制的議會制君主立憲制國家。聯邦行政政府…,,
loc-卡尔-林奈-d4fdd735,卡尔·林奈,卡尔·冯·林奈（瑞典語：Carl von Linné；1707年5月23日—1778年1月10日），也譯為林内、林耐，原名卡尔·林奈乌斯（Carl Linnaeus），瑞典生物学家，瑞典科学院创始人兼第一任主席。林奈奠定了现代生物学命名法…,,
loc-自然系统第十版-55ca7965,自然系统第十版,《自然系统》第十版（英語：10th edition of Systema Naturae）是18世纪瑞典生物学家卡尔·林奈所撰写的生物学专著，于1758年和1759年分别出版上下两卷。林奈在书中为动物定义了二名法命名法则（此前他曾在175…,,
loc-澳大利亚-52f085e7,澳大利亚,澳大利亚联邦（英語：Commonwealth of Australia），通称澳大利亚、澳洲（Australia，缩写为AU、AUS），是一个位于南半球中北部、東半球东部的議會制君主立憲制、聯邦制國家。全国整体属于大洋洲（並非自成一洲），…,-25,133
loc-新幾內亞島-ed80f179,新幾內亞島,新畿內亞島（英語：New Guinea；巴布亞皮欽語：Niugini；印尼語：Papua）位於澳大利亞北面，是世界上第二大島嶼與最高島嶼。有時，本島亦被稱為「巴布亞」，但有時巴布亞亦單指本島的一部份。此外，印尼官方过去稱呼本島為「伊里安岛…,-6,142
loc-尼爾遜-129b3999,尼爾遜,尼爾森（毛利語：Whakatū，英語：Nelson），地理位置在紐西蘭的中心，南島的北端，是紐西蘭 17 個地方行政區面積最小的一個。尼爾森市為尼爾森地區的行政中心，也是該區發展藝術和手工藝的中心，每年皆會舉辦如尼爾遜藝術節之類的全民活動…,-41.27083333,173.28388889
loc-buller-river-ec52148c,Buller River,The Buller River (Māori: Kawatiri) is a river in the South Island of New Zealand.,-41.72916667,171.58888889
loc-hurunui-river-249b1e27,Hurunui River,"The Hurunui River is the fourth largest of the four principal rivers in north Canterbury, New Zealand, with a catchment…",-42.9,173.26666667
loc-arthur-s-pass-ee6f77d8,Arthur's Pass,"Arthur's Pass, previously called Camping Flat then Bealey Flats, and for some time officially Arthur Pass, is a townshi…",-42.94538889,171.56566667
loc-paparoa-range-31824fb6,Paparoa Range,The Paparoa Range is a mountain range in the West Coast region of New Zealand's South Island.,-42,171.58333333
loc-lake-rotoiti-tasman-9cc174ed,Lake Rotoiti (Tasman),"Lake Rotoiti, previously also known as Lake Arthur, is a lake in the Tasman Region on the South Island of New Zealand.",-41.8245,172.8381
loc-k-rito-5918c7f9,Ōkārito,"Ōkārito is a small coastal settlement on the West Coast of New Zealand's South Island, 127 kilometres (79 mi) southwest…",-43.2,170.21666667
loc-西岸大区-31e1c994,西岸大区,"西岸（毛利語：Te Tai-poutini，英語：West Coast），位於紐西蘭南島西部的地方行政區。 位於南島西部週邊的地區，面積23276平方公里、人口在30,500人（2006年）。中心城市為葛雷茅斯（Greymouth）、人口…",-42.6,171.4
loc-新西兰-f3c9507e,新西兰,紐西蘭（英語：New Zealand）又称奥特亚罗瓦（毛利語：Aotearoa，直译：「长白云之乡」），位於太平洋西南部的主權島國，是大英國協紐西蘭王國的主體部分，首都為威靈頓，最大的城市為奧克蘭。紐西蘭主要由兩大島嶼組成：北島（Te I…,-42,173
loc-南島-新西蘭-1f549b28,南島 (新西蘭),南島（英語：South Island；毛利語：Te Wai Pounamu）是组成紐西蘭的兩個主要岛屿之一，与北島被库克海峡隔断。新西兰首都惠灵顿即在南岛对岸，福沃海峡在南面，使之与斯图尔特岛分开。西面为塔斯曼海，东面为南太平洋。該島的毛…,-43.6,170.4
loc-otago-daily-times-74d91f23,Otago Daily Times,"The Otago Daily Times (ODT) is a newspaper published by Allied Media Ltd in Dunedin, New Zealand.",,
loc-阿尔蒂普拉诺高原-8a676b92,阿尔蒂普拉诺高原,"阿尔蒂普拉诺高原（西班牙語：Altiplano，意为高地平原）也稱為玻利维亚高原，位於南美洲中部安第斯山脉最宽广处，是世界上继青藏高原之后的又一片平均海拔超过3,000米的大高原，南美洲最大湖的的喀喀湖是其最为著名的地理特色。 阿尔蒂普拉…",-19,-68
loc-巴塔哥尼亞-65e27f32,巴塔哥尼亞,巴塔哥尼亞（西班牙語：Patagonia，西班牙語發音：[pataˈɣonja]）位于南美洲南端，一般是指科羅拉多河以南（或以南緯40度為界）的地區，包括安第斯山脉的南端，主要位于阿根廷境內，小部分屬於智利。明《坤輿萬國全圖》謂之「巴大溫…,-41,-68
loc-南美洲-4f6ff430,南美洲,南亚美利加洲（英语：South America），简称南美洲，为七大洲之一，位於西半球南部（或南半球），西臨南太平洋，西面為太平洋板塊及納斯卡板塊。太平洋板塊及納斯卡板塊之間的內營力為張力，衍生了東太平洋海嶺；而納斯卡板塊與南美洲板塊的內…,,
loc-pierce-brodkorb-6fda86cf,Pierce Brodkorb,"William Pierce Brodkorb (September 29, 1908, Chicago – July 18, 1992, Gainesville, Florida) was an American ornithologi…",,
loc-昆拉德-雅各布-特明克-10490da9,昆拉德·雅各布·特明克,昆拉德·雅各布·特明克（荷蘭語：Coenraad Jacob Temminck，1778年3月31日—1858年1月30日）是一名荷蘭貴族和動物學家。 生平 特明克於阿姆斯特丹出生，1820年出任位於萊頓的國家自然歷史博物館，直至去世。他…,,
loc-菲利普-斯克莱特-0722f03b,菲利普·斯克莱特,菲利普·勒特利·斯克莱特（英語：Philip Lutley Sclater，1829年11月4日—1913年6月27日）是一位英国律师和动物学家，主要从事鳥類學研究，开创性地建立了动物地理学分区。 参考资料 外部链接 维基共享资源上的相關…,,
loc-wyndham-knatchbull-hugessen-3rd-baron-brabourne-e279b646,"Wyndham Knatchbull-Hugessen, 3rd Baron Brabourne","Wyndham Wentworth Knatchbull-Hugessen, 3rd Baron Brabourne (21 September 1885 – 11 March 1915) was a British peer.",,
loc-charles-chubb-ornithologist-4a57e531,Charles Chubb (ornithologist),Charles Chubb (31 December 1851 – 25 June 1924) was a British ornithologist.,,
loc-阿根廷-eaa5fa27,阿根廷,阿根廷共和国（西班牙語：República Argentina），通称阿根廷（西班牙語：Argentina，發音：[aɾxenˈtina] ），是位于南美洲南部的主权国家。由23个省和布宜諾斯艾利斯自治市组成的联邦共和国，占有南錐體的大部…,-34,-64
loc-玻利維亞-e84b7c0e,玻利維亞,玻利維亞多民族國（西班牙語：Estado Plurinacional de Bolivia），通稱玻利維亞，是位於南美洲中西部的內陸國家，與巴西、秘魯、智利、阿根廷、巴拉圭五國接壤，亦為南美洲國家聯盟的成員國；其法定首都為蘇克雷，但實際上…,-16.712,-64.666
loc-巴西-86ee5932,巴西,巴西联邦共和国（葡萄牙語：República Federativa do Brasil），通稱巴西（Brasil），是南美洲國家，位於南美東部，東臨大西洋，人口2.15億，居世界第7。其國土大部分介于赤道和南回归线之间，面積851萬平方公…,-10,-52
loc-巴拉圭-029e9211,巴拉圭,巴拉圭共和國（西班牙語：República del Paraguay、瓜拉尼語：Paraguái Tavakuairetã），通稱巴拉圭（西班牙語：Paraguay；瓜拉尼語：Paraguái），是位於南美洲的主權國家，也是位於南美洲的內…,-23,-58
loc-乌拉圭-7f36b385,乌拉圭,乌拉圭东岸共和国（西班牙語：República Oriental del Uruguay），通称乌拉圭（西班牙語：Uruguay），南美洲东南部国家，西邻阿根廷，东与北邻巴西，南濒拉普拉塔河，东南濒大西洋。乌拉圭人口342万，其中近180…,-33,-57
loc-德国-ce409783,德国,德意志聯邦共和國（德語：Bundesrepublik Deutschland，發音：[ˈbʊndəsʁepuˌbliːk ˈdɔʏtʃlant] ），通稱德國（Deutschland），是位於西歐的聯邦共和國，由16个邦组成，首都暨最大城…,51,9
loc-palustrine-wetland-5253c0e0,Palustrine wetland,Palustrine wetlands include any inland wetland that contains ocean-derived salts in concentrations of less than 0.5 par…,,
loc-安地斯山脈-1d3435e7,安地斯山脈,"安地斯山脈（西班牙語：Cordillera de los Andes；奇楚亞語：Walla Antikuna）是地球陸地上最長的山脈，位於南美洲的西岸，約7,000公里長 (或8,900公里长)，200至700公里寬（最寬的部份在南緯18…",-32,-70
loc-秘鲁-1a201746,秘鲁,秘（bì）魯共和國（西班牙語：República del Perú；奇楚瓦語：Piruw Ripuwlika；艾馬拉語：Piruwxa Ripuwlika），通称秘魯（西班牙語：Perú；奇楚瓦語：Piruw；艾馬拉語：Piruw），是南…,-10,-76
loc-智利-45f765d5,智利,智利共和国（西班牙語：República de Chile），通稱智利（西班牙語：Chile），是位於南美洲的国家，智利西部与南部濒临太平洋，北靠秘鲁，东邻玻利维亚及阿根廷。為南美洲國家聯盟的成員國。除此之外，智利与厄瓜多尔相同，是两個不…,-34,-71
loc-徐畢克斯-06bec4c0,徐畢克斯,约翰·巴普蒂斯特·冯·施皮克斯（德語：Johann Baptist von Spix，1781年2月9日—1826年3月13日）是日耳曼生物学家。他到巴西探險，帶回了大量植物、昆蟲、哺乳動物、鳥類、兩棲動物和魚類標本，成為今日慕尼黑邦立動…,,
loc-caatinga-5281e5ef,Caatinga,"Caatinga (; [kaaˈt͡ʃĩɡɐ]) is a type of semi-arid tropical vegetation, and an ecoregion characterized by this vegetation…",-6,-40
loc-巴西利亞國家公園-9e0bf345,巴西利亞國家公園,"巴西利亞國家公園（葡萄牙語：Parque Nacional de Brasília），又稱礦泉公园（Água Mineral），是巴西的國家公園，位於該國聯邦區西北隅，與首都巴西利亚相邻，佔地42,389公頃。該公園成立於1961年11月…",-15.738056,-47.926667
loc-taguatinga-federal-district-56d4bae7,"Taguatinga, Federal District",Taguatinga is an administrative region in the Federal District in Brazil.,-15.83333333,-48.05638889
loc-聯邦區-巴西-3ffcf600,聯邦區 (巴西),"聯邦區 （葡萄牙語：Distrito Federal）是巴西首都巴西利亞的所在地，與之同域。位於該國中部和東南部的過渡地帶。面積5,801.937平方公里，2005年人口2,337,078人，简称DF。身為巴西首都巴西利亞之首都特區，面積…",-15.795,-47.75777778
loc-埃马斯国家公园-edbf5eeb,埃马斯国家公园,埃马斯国家公园（葡萄牙語：Parque Nacional das Emas）是巴西的一座国家公园，位于戈亚斯和南马托格罗索州两州之间的巴西中西部地区，在17º50’—18º15’S 至52º39’—53º10’W这一范围内。 埃马斯国家公…,-18,-53
loc-卢齐阿尼亚-1bee6857,卢齐阿尼亚,卢齐阿尼亚（葡萄牙语：Luziânia）是巴西戈亚斯州的一个市镇。总面积3961.536平方公里，总人口187262人，人口密度47.3人/平方公里。 参见 戈亚斯州市镇列表 参考,-16.25277778,-47.95
loc-戈亚斯州-074e3413,戈亚斯州,戈亚斯（葡萄牙語：Goiás，ɡoˈjas）是巴西的一个州，位于该国的中部。与戈亚斯州相邻的巴西州份有（从北起顺时针方向）托坎廷斯州、巴伊亚州、米纳斯吉拉斯州、联邦区、南马托格罗索州和马托格罗索州。 参见 戈伊亚斯足球俱乐部 注释 外部链…,-15.93333333,-50.13333333
loc-卡納斯特拉山脈國家公園-04b13c84,卡納斯特拉山脈國家公園,"卡納斯特拉山脈國家公園（葡萄牙語：Parque Nacional da Serra da Canastra），是巴西的國家公園，位於該國東南部米納斯吉拉斯州，成立於1972年4月3日，佔地19.8萬公頃，每年平均降雨量1,250毫米。 參…",-20.27,-46.61
loc-錫波山脈國家公園-98e164eb,錫波山脈國家公園,錫波山脈國家公園（葡萄牙語：Parque Nacional da Serra do Cipó），是巴西的國家公園，位於該國東南部米納斯吉拉斯州，處於埃斯皮尼亞蘇山脈，成立於1987年9月30日，佔地3.2萬公頃。 參考資料 Parque…,-19.365,-43.533
loc-米纳斯吉拉斯州-f090fcd8,米纳斯吉拉斯州,米纳斯吉拉斯州（葡萄牙語：Minas Gerais，[ˈminɐz ʒeˈɾajs] ；直译：「一般〔普通〕的矿山」）是巴西东南部一个州，人口约两千万。是巴西第二人口大州，国内生产总值也排名全国第三。该州以山、瀑布、历史名城、宝石，以及盛…,-19.78222222,-43.95138889
loc-itirapina-ecological-station-06c2f8e8,Itirapina Ecological Station,The Itirapina Ecological Station (Portuguese: Estação Ecológica de Itirapina) is an Ecological station in the state of…,-22.216343,-47.888523
loc-聖保羅-巴西-03c4060c,聖保羅 (巴西),"聖保羅（葡萄牙語：São Paulo，葡萄牙語發音：[sɐ̃w̃ ˈpawlu] ，葡萄牙語意为'圣保罗'），巴西東南部州分聖保羅州首府，也是巴西，拉丁美洲乃至南半球最大的都市，市內人口超過1,100萬。據2011年數據，全城人口包含近郊…",-23.55,-46.63333333
loc-laguna-blanca-paraguay-a9067274,Laguna Blanca (Paraguay),Laguna Blanca is an ecological and tourist location of Paraguay that comprehends an agricultural and cattle establishme…,-23.81333333,-56.295
loc-聖佩德羅省-巴拉圭-485f274c,聖佩德羅省 (巴拉圭),"聖佩德羅省 （San Pedro）是巴拉圭的一個省，位於該國中部、巴拉圭河以東。面積 22,002平方公里，2002年人口 318,787人。首府聖佩德羅。 下分17縣。",-24.1,-57.0833
loc-ernst-hartert-4e6d4c6a,Ernst Hartert,Ernst Johann Otto Hartert (29 October 1859 – 11 November 1933) was a widely published German ornithologist.,,
loc-大西洋沿岸森林-b6837c90,大西洋沿岸森林,大西洋沿岸森林 （葡萄牙語：Mata Atlântica）是一片涵盖热带亚热带湿润阔叶林、热带亚热带干旱阔叶林、熱帶亞熱帶草地、稀樹草原和疏灌叢和红树林于一体的热带雨林保护区，位于巴西大西洋沿岸，最北到达北里约格朗德州，最南到达南里奥格兰…,-16.5,-39.25
loc-胡宁大区-e8a2aec2,胡宁大区,"胡寧大區（Departamento de Junín）是秘魯中部的一個大區，地處阿爾蒂普拉諾高原之上。面積44,197.23平方公里，2007年人口1,091,619人。首府萬卡約。 1821年2月12日建區。下分9省123區。",-11.48,-74.98
loc-库斯科大区-f90044b4,库斯科大区,庫斯科大區（西班牙語：Departamento del Cusco、克丘亞語：Qusqu suyu）是秘魯東南部的一個大區，北鄰烏卡亞利大區，東鄰馬德雷德迪奧斯和普諾大區，南鄰阿雷基帕大區，西鄰阿普里馬克、阿亞庫喬和胡寧大區。首府庫斯科，…,-13.26,-72.11
loc-阿普里马克大区-9d96372a,阿普里马克大区,阿普里馬克大區（西班牙語：Departamento de Apurímac）是秘魯中南部的一個大區，東鄰庫斯科大區，西鄰阿亞庫喬大區，以及南鄰阿雷基帕和阿亞庫喬大區。大區名稱是克丘亞語，意思是「眾神說話的地方」，形容當地許多高山（安第斯宗…,-14.16666667,-72.75555556
loc-阿亚库乔大区-561a73b4,阿亚库乔大区,"阿亞庫喬大區（Departamento de Ayacucho）是秘魯中南部的一個大區，位於安第斯山脈。面積43,814.8平方公里，2007年人口619,338人。首府阿亞庫喬。 1822年4月26日建區。下分11省111區。2005年…",-13.16305556,-74.22444444
loc-普诺大区-2a87e788,普诺大区,普諾大區（Departamento de Puno）是秘魯東南部的一個大區，東鄰玻利維亞，北鄰馬德雷德迪奧斯大區，西鄰庫斯科大區和阿雷基帕大區，西南面接壤莫克瓜大區，南面接壤塔克納大區。其中一部分為的的喀喀湖湖面。首府普諾位於的的喀喀湖上…,-15.07,-70.12
loc-秘魯東部山脈-e95cc155,秘魯東部山脈,"秘魯東部山脈（西班牙語：Cordillera Oriental），是秘魯的山脈，屬於安地斯山脈的一部分，最高點海拔高度6,372米，下分韋爾卡努塔山脈、烏魯潘帕山脈、阿波洛班巴山脈、卡利亞瓦亞山脈和維爾卡潘帕山脈等。",-14,-71
loc-萬索山脈-1923f242,萬索山脈,"萬索山脈（西班牙語：Cordillera Huanzo），是秘魯的山脈，位於該國南部阿普里馬克大區、阿雷基帕大區、阿亞庫喬大區和庫斯科大區，長57公里，屬於安地斯山脈的一部分，最高點海拔高度5,445米。 參考資料 usgs.gov （页…",-15,-73
loc-卡利亞瓦亞山脈-0ca8fe90,卡利亞瓦亞山脈,"卡利亞瓦亞山脈是秘魯的山脈，位於該國東南部，處於的的喀喀湖東北約175公里，屬於安第斯山脈的一部分，全長75公里，最高點海拔高度5,780米。",-13.908875,-70.409041
loc-boardman-conover-31158bf9,Boardman Conover,"Henry Boardman Conover (January 18, 1892 – May 5, 1950) was an American soldier, salesman, and amateur ornithologist.",,
loc-湖大区-b7d228cb,湖大区,湖大区（西班牙語：X Región de Los Lagos）是智利由北至南的第14个大区，由四个省组成：奥索尔诺省、延基韦省、奇洛埃省和帕莱纳省。大区中有智利第二大岛奇洛埃岛（Chiloé）和第二大湖延基韦湖（Lake Llanquih…,-41.47166667,-72.93666667
loc-塔拉帕卡大区-da8aad04,塔拉帕卡大区,塔拉帕卡大区（西班牙語：I Región de Tarapacá）是智利北端的一个大区，也称I区（I Región），它北邻阿里卡和帕里纳科塔大区、东接玻利维亚拉巴斯省和奥鲁罗省、南接智利安托法加斯塔大区、西临太平洋，首府伊基克。 塔拉帕…,-20.28333333,-69.33333333
loc-安托法加斯塔大区-a5631950,安托法加斯塔大区,安托法加斯塔区（西班牙語：Región de Antofagasta）是智利16个大区之一，北邻塔拉帕卡大区，南邻阿塔卡马大区。该区下设托科皮亚、洛阿和安托法加斯塔三省。 當地是1879年太平洋戰爭後由玻利維亞割讓得來的。,-23.6469,-70.3983
loc-艾森大区-8b12c58f,艾森大区,艾森大區，全稱伊瓦涅斯将军艾森大区（西班牙語：Región Aysén del General Carlos Ibáñez del Campo）是智利从北到南的第15个大区。首府科伊艾克。本大區也是目前智利人口最少的大區，僅約9萬人多。,-43.57,-72.06611111
loc-麦哲伦-智利南极大区-aba1a9d8,麦哲伦-智利南极大区,"麦哲伦-智利南极大区（西班牙語：Región de Magallanes y de la Antártica Chilena）是智利最南端、最大、人口第二少的大区。首府蓬塔阿雷纳斯，面积132,297平方千米，人口150,826（2002…",-53.16666667,-70.93333333
loc-復活節島-d17db710,復活節島,復活节岛（西班牙語：Isla de Pascua，發音：[ˈisla ðe ˈpaskwa]），又称拉帕努伊（拉帕努伊語：Rapa Nui，發音：[ˈɾapa ˈnu.i]，意为“大拉帕岛”，与小拉帕岛相对），另有依照英語音譯為伊斯特島（…,-27.12,-109.35
loc-厄瓜多尔-14710989,厄瓜多尔,"厄瓜多尔共和国（西班牙語：República del Ecuador），通稱厄瓜多尔（Ecuador），是位於南美洲西北部的國家，北面與哥倫比亞相鄰，南接祕魯，西面為太平洋，另包括距離厄瓜多本土1,000公里的加拉巴哥群島。 厄瓜多於18…",-2,-77.5
loc-夏尔-吕西安-波拿巴-c0bae689,夏尔·吕西安·波拿巴,夏尔·吕西安·朱尔·朱尔·波拿巴（法語：Charles Lucien Jules Laurent Bonaparte，發音：[ʃaʁl lysjɛ̃ ʒyl lɔʁɑ̃ bɔnapaʁt]；1803年5月24日—1857年7月29日）是一…,,
loc-委內瑞拉-ef40e96b,委內瑞拉,"委内瑞拉玻利瓦尔共和国（西班牙語：República Bolivariana de Venezuela），通稱委內瑞拉（西班牙語：Venezuela），是一個位於南美洲北部的國家。其面積為912,050平方公里，2025年人口估計為318…",7,-65
loc-哥伦比亚-5037b987,哥伦比亚,哥伦比亚共和国（西班牙語：República de Colombia），通稱哥倫比亞（西班牙語：Colombia），是一個位於南美洲西北部的国家，同時是拉丁美洲第四大國家，為南美洲國家聯盟的前成員國（2018年8月退出）。它的北部是加勒比…,4,-72
loc-hialmar-rendahl-e0e33881,Hialmar Rendahl,"Carl Hialmar Rendahl (born Jönköping 26 December 1891; died Stockholm 2 May 1969) was a Swedish zoologist, cartoonist a…",,
loc-圭亚那-037a419a,圭亚那,蓋亞那合作共和国（英語：Co-operative Republic of Guyana），通称圭亚那（英語：Guyana），位於南美洲北部，是南美洲一个以英語為官方語言的国家，也是英联邦成员國。東鄰蘇利南，南臨巴西，西鄰委内瑞拉，北鄰大西…,5,-59
loc-巴伊亞州-6cbd20af,巴伊亞州,"巴伊亚（葡萄牙語：Bahia）是巴西的26个州之一，地处东北部。面积565,733平方千米，首府是萨尔瓦多。巴伊亚北部是阿拉戈斯州、塞尔希培州、伯南布哥州和皮奥伊州，东部是大西洋，西部有戈亚斯州和托坎廷斯州，南部有米纳斯吉拉斯州和聖埃斯皮…",-12,-41
loc-圣埃斯皮里图州-b4d4ca04,圣埃斯皮里图州,"聖埃斯皮里圖州（葡萄牙語：Espírito Santo，(e)s.'pi.ɾi.tu 'sɐ̃.tu）是巴西的一個州，其州名是基督宗教中「聖靈」的意思。位於東南部大西洋岸。面積46,077.519平方公里，2005年人口3,412,746…",-20.25,-40.28
loc-里約熱內盧州-12dcec68,里約熱內盧州,"里約熱內盧州（葡萄牙語：Rio de Janeiro，ˈhiw dʒi ʒʌˈnejɾu） 是巴西的一個州。 里約熱內盧州面積43,696.1km²。該州首府是1763年由葡萄牙人建立的里約熱內盧，該市也是州內最大的城市。",-22.9,-43.2
loc-圣保罗州-de4bdb34,圣保罗州,"圣保罗州（葡萄牙語：São Paulo，葡萄牙語發音：[sɐ̃w̃ 'paw.lo]）是巴西的一个州，以圣保罗的名字命名。圣保罗州是巴西重要的工业和经济区。 地理 圣保罗州的面积248,209.426平方公里，人口44,411,238人（…",-22.07,-48.4336
loc-南马托格罗索州-92888db4,南马托格罗索州,"南马托格罗索州（葡萄牙語：Mato Grosso do Sul）是巴西西部的一个州，首府大坎普，人口2,297,981人。该州与玻利维亚和巴拉圭接壤。 参见 南馬托格羅索州市鎮列表",-20.44277778,-54.64583333
loc-巴拉那州-8777b723,巴拉那州,"巴拉那州 （葡萄牙語：Paraná，葡萄牙語發音：[pa.ɾa.'na]）是巴西的一個州，位於該國南部。東為大西洋，西隔巴拉那河與阿根廷和巴拉圭相望。面積199,282平方公里，2005年人口10,387,378人。首府库里蒂巴。 行政區…",-24,-51
loc-圣卡塔琳娜州-610f6154,圣卡塔琳娜州,"圣卡塔琳娜州（葡萄牙語：Santa Catarina）是巴西南部的一个州，首府弗洛里亞諾波利斯，面积95,346.181平方公里，人口5,958,266人。 参见 胡利亚纳共和国",-27.25,-50.33333333
loc-南里奥格兰德州-a29883e9,南里奥格兰德州,"南里奥格兰德州（葡萄牙語：Rio Grande do Sul，直译：「南方的大河」，發音：[ˈʁiw ˈɡɾɐ̃dʒi du ˈsuw] ），或称南大河州，是巴西最南端的一个州，东临大西洋，首府阿雷格里港，人口10,963,216。该州与…",-30,-53
loc-米西奧內斯省-阿根廷-0a2ee9b9,米西奧內斯省 (阿根廷),米西奥内斯省為南美國家阿根廷二十三省之一，位於阿根廷東北部美索不達米亞地區。西北與巴拉圭接壤，北部和東部與巴西接壤，省会波萨达斯。 地理 米西奧內斯是阿根廷第二小的省，僅次於圖庫曼省。,-26.92,-54.52
loc-熱帶森林-735a0725,熱帶森林,热带森林是位於热带的森林，大致位於北回歸線與南回歸線之間。有些樹林很难被确定為热带森林。虽然温带地区的森林很容易根据树冠密度进行區分，但这种方法并不适用於热带森林。无论是在热带地区还是在其他地区，都没有一个单一的方法来界定什么是森林。不過…,,
loc-平均海拔-ddd8aa74,平均海拔,平均海拔（英語：Above mean sea level，缩写：AMSL）又称为海拔高度，是指以平均海平面高度作为高程基准面起测定的地面或空中高度，对地理测量，飞行控制，电台设定，气象研究都有决定性作用。 所谓平均海平面高度实际是并不存在…,,
loc-次生林-173853f4,次生林,次生林，又名天然次生林、再生林、再生森林、二次林。是指原始穩定的森林植被遭到人類活動干擾（刀耕火種、林木砍伐）或同等破壞性的自然現象之後，主要透過自然過程再生形成的森林或林地區域。其特徵有別於未曾遭受近期干擾的原始森林、複雜的早期遷移階段…,,
loc-中美洲-42eb12df,中美洲,中美洲（英語：Central America，西班牙語：América central）是一個地理概念。依據不同的劃分法，屬於北美洲或南美洲的一部分，一般指連接北美洲與南美洲之間的地峽，現有七個國家（若算入墨西哥則為八個）。 範圍 範圍北…,,
loc-亞馬遜雨林-bf3e16da,亞馬遜雨林,亞馬遜雨林（葡萄牙語：Amazônia、西班牙語：Amazonia），又稱亞馬遜河雨林，位於南美洲亞馬遜盆地的熱帶雨林，佔地僅存約500萬平方公里，使這片雨林生機盎然的就是亞馬遜河。雨林橫越了8個國家：巴西（佔森林60%面積）、哥倫比亞、…,,
loc-约翰-弗里德里希-格梅林-8a33c9ca,约翰·弗里德里希·格梅林,约翰·弗里德里希·格梅林（德語：Johann Friedrich Gmelin，1748年8月8日—1804年11月1日）是一名德国博物学家、植物学家、昆虫学家、爬虫两栖类学家和軟體動物學家。 生平 1748年，约翰·弗里德里希·格梅林出…,,
loc-亞馬遜盆地-e57e9f08,亞馬遜盆地,亞馬遜盆地（葡萄牙語：Bacia do rio Amazonas），又稱亞馬遜平原，是南美洲的亞馬遜河及其支流所流經之處，盆地與平原地形兼具。 地理 南美洲的亞馬遜雨林（60%面積位於巴西）位於亞馬遜盆地，是全球最大的雨林，佔地6百萬平方…,-2.3096,-54.8881
loc-马托格罗索州-b9e0d0d4,马托格罗索州,"马托格罗索州（葡萄牙語：Mato Grosso）是巴西西部的一个州，首府库亚巴。面积为903,357平方公里。人口2,856,999人。为巴西第三大州。为世界上仅存的大片未开发地区之一。自西北方向起顺时针分别与朗多尼亚州、亚马孙州、帕拉州…",-15.56666667,-56.075
loc-帕拉州-02b5c5b2,帕拉州,帕拉（葡萄牙語：Pará，巴西葡萄牙语發音：[pa.'ɾa]）是巴西北部的一个州，首府貝倫。与帕拉州相邻的巴西州份有阿马帕州、马拉尼昂州、托坎廷斯州、马托格罗索州、亚马孙州和罗赖马州。 该州与圭亚那、苏里南接壤。,-5.66666667,-52.73333333
loc-熱帶和亞熱帶濕潤闊葉林-90e2a768,熱帶和亞熱帶濕潤闊葉林,湿性常绿阔叶林是一种WWF定义的栖地生境及以此为代表的生物群系，全称熱帶及亞熱帶的濕性闊葉林（英語：tropical and subtropical moist broadleaf forests），包含如下几种密切相关的生态系统： 热带…,,
loc-加勒比地区-35f44793,加勒比地区,加勒比地區（英語：Caribbean）是指加勒比海及其附近的區域。 定義 若依照聯合國地理分區裡的地理亞區來判定，加勒比地區的範圍為加勒比海上的諸島—西印度群島，國家與屬地包含安圭拉、安地卡及巴布達、阿魯巴、巴哈馬、巴貝多、博奈爾、聖佑達…,14.52555556,-75.81833333
loc-特立尼达岛-d831e578,特立尼达岛,"特立尼达岛（英語：Trinidad Island；西班牙語：Isla Trinidad），又称千里达岛，是特立尼达和多巴哥两主岛中较大者，位于西印度群岛最西南部，距南美洲大陆委内瑞拉海岸仅11公里。特立尼达岛面积4,768平方公里，是西印…",10.5,-61.3
loc-osbert-salvin-f71e3068,Osbert Salvin,"Osbert Salvin (25 February 1835 – 1 June 1898) was an English naturalist, ornithologist, and herpetologist best known f…",,
loc-马纳比省-4e20b0f2,马纳比省,"马纳比省（西班牙語：Provincia de Manabí，又譯馬納維省）是厄瓜多尔西部的一个省，临太平洋岸。面积18,879平方公里，2001年人口1,186,025人。 马纳比省得名于当地的原住民，於1824年6月25日建省，下分二十…",-1.05222,-80.4506
loc-瓜亚斯省-5514f400,瓜亚斯省,"瓜亞斯省（西班牙語：Provincia del Guayas），是厄瓜多爾中部的一個省，包括瓜亞基爾灣上的普納島，瓜亞斯河與其支流道萊河流經。面積20,503平方公里，2001年人口3,070,145人。首府瓜亞基爾，是該國最大的城市。…",-2.2,-79.9667
loc-埃爾奧羅省-bf81b60a,埃爾奧羅省,"埃爾奧羅省（西班牙語：Provincia de El Oro，「黃金」的意思），是厄瓜多爾南部的一個省，西北臨太平洋瓜亞基爾灣，西南與秘魯接壤。面積5,850平方公里，2007年人口525,763人。首府馬查拉。 1884年4月23日建省…",-3.26667,-79.9667
loc-洛哈省-1193f562,洛哈省,"洛哈省（西班牙語：Provincia de Loja），是厄瓜多爾南部的一個省，西南與秘魯接壤。面積10,793平方公里，2001年人口404,835人。首府洛哈。 1824年6月25日建省。下分十六市。",-4.02194444,-79.48388889
loc-通贝斯大区-5cf0a14a,通贝斯大区,"通貝斯大區（西班牙語：Departamento de Tumbes）是秘魯西北部的一個大區，西臨太平洋，東接厄瓜多爾。面積4,045.86平方公里，2007年人口191,713人。首府通貝斯。 1942年11月25日建區，2005年曾經舉…",-3.88,-80.59
loc-皮乌拉大区-9e4e9862,皮乌拉大区,皮乌拉大区位于秘鲁北部，北临南美洲国家厄瓜多尔，东临太平洋。皮乌拉一词源于克丘亚语，意为“供给基地”。 皮乌拉大区总面积3.5万平方公里，2005年人口总计1630772。该地区管辖的分为8个省64个区。皮乌拉是大区的首府，皮乌拉省是境内…,-4.99,-80.41
loc-ecuadorian-dry-forests-3f5bfe21,Ecuadorian dry forests,The Ecuadorian dry forests (NT0214) is an ecoregion near the Pacific coast of the Ecuador.,-1.349,-80.333
loc-tumbes-piura-dry-forests-405d3268,Tumbes–Piura dry forests,The Tumbes–Piura dry forests (NT0232) is an arid tropical ecoregion along the Pacific coasts of southern Ecuador and no…,-5.736,-80.361
loc-sand-forest-a932a046,Sand forest,"A sand forest is a type of rare subtropical forest region, distinctive due to its unique combination of plant (often ra…",,
loc-蘇利南-5c6361e2,蘇利南,"蘇利南共和國（荷蘭語：Republiek Suriname），通稱蘇利南（Suriname；/ˈsʊərɪnæm, -nɑːm/ SOOR-in-A(H)M），舊稱洵南、荷屬圭亞那，位於南美洲東北部，地理上亦屬加勒比地區與西印度群島範疇。…",4,-56
loc-玛格丽塔岛-8257e5d6,玛格丽塔岛,"玛格丽塔岛（西班牙語：Isla de Margarita）位于加勒比海，面积920平方公里，属委内瑞拉的新埃斯帕塔州管辖，首府拉亚松森。它是新埃斯帕塔州最大的岛屿，亦是委内瑞拉第一大岛，岛上人口约420,000人。 历史 该岛名字来源于希…",10.98694444,-63.93555556
loc-法屬圭亞那-f0f18b54,法屬圭亞那,法屬圭亞那（法語：Guyane française），正式名称为圭亚那（Guyane，法語發音：[ɡɥijan] ；法屬圭亞那克里奧爾語：Lagwiyann），是法国的一个海外省与单一领土集体，位于南美洲北部大西洋畔，与巴西和苏里南交界，…,4,-53
loc-doce-river-1182f197,Doce River,"The Doce River (Portuguese: Rio Doce [ˈʁi.u ˈdos(i)], ""Sweet River"") is a river in southeast Brazil with a length of 85…",-19.6558,-39.8148
loc-帕拉伊巴州-34c0ad3d,帕拉伊巴州,"帕拉伊巴州（葡萄牙語：Paraíba，葡萄牙語發音：[paɾaˈibɐ]）是巴西东北部一州，濒临大西洋。帕拉伊巴州是美洲大陆最東处。在2010年，此州人口為3,766,528人。 教育 葡萄牙語是官方語言，但英語和西班牙語也是部分中學課程…",-7.16666667,-36.83333333
loc-皮奧伊州-13a4e221,皮奧伊州,皮奧伊州（葡萄牙語：Piauí，pi.aw.'i）是巴西東北部的一個州。其海岸線僅66km，其首府特雷西納（Teresina）是巴西東北部諸州首府中唯一一個不臨海的。 外部連結 （葡萄牙文）皮奧伊州政府網站 （页面存档备份，存于互联网档案…,-8.23333333,-43.1
loc-jonathan-dwight-4b662fcb,Jonathan Dwight,Jonathan Dwight V (1858–1929) was an American ornithologist.,,
loc-ludlow-griscom-7b0c2d1f,Ludlow Griscom,"Ludlow Griscom (June 17, 1890 – May 28, 1959) was an American ornithologist known as a pioneer in field ornithology.",,
loc-墨西哥-f850343d,墨西哥,墨西哥合众国（西班牙語：Estados Unidos Mexicanos），通稱墨西哥（西班牙語：México），是北美洲南部的一个主权国家，北接美国，西濱太平洋，南鄰伯利兹、危地马拉，东面墨西哥湾。其领土面积达近198万平方公里，为美洲…,23,-102
loc-墨西哥湾-634ea3cc,墨西哥湾,墨西哥湾（英語：Gulf of Mexico；西班牙語：golfo de México），是一个大西洋的海盆和边缘海，大部分被北美大陆所环绕。它的东北部、北部和西北部与美國墨西哥灣沿岸地區接壤；西南部和南部与墨西哥的塔毛利帕斯州、韦拉克鲁…,25,-90
loc-韋拉克魯斯州-51279fa6,韋拉克魯斯州,韋拉克魯斯州（西班牙語：Veracruz，西班牙語發音：[beɾaˈkɾus]）是墨西哥的一個州，位於該國中部偏東，東部面向墨西哥灣。人口僅次於墨西哥州和聯邦區，居全國第三，首府哈拉帕。 正式州名為Veracruz de Ignacio…,19.5272,-96.9225
loc-瓦哈卡州-e005144e,瓦哈卡州,"瓦哈卡州（西班牙語：Oaxaca，發音：[waˈχaka] ）是墨西哥合眾國的一個州，位於該國的南部，臨太平洋。2005年估計人口為 3,506,821人。首府瓦哈卡市。 历史 名称 瓦哈卡的州名来自其首府瓦哈卡市的名称。这个名字来自纳瓦…",17.055,-96.655
loc-巴拿马-5f49ad15,巴拿马,巴拿马共和国（西班牙語：República de Panamá），通稱巴拿馬（西班牙語：Panamá），是中美洲最南部的国家，国土面积7.55万平方公里，人口436万。 連接大西洋及太平洋的巴拿马运河位於國家的中央，劃分了南北美洲，拥有重…,9,-80
loc-乔科省-623c4f48,乔科省,"喬科省（Departamento del Chocó）是哥倫比亞西北部的一個省，是該國唯一既臨太平洋，又臨大西洋（加勒比海）的省，西北與巴拿馬接壤。面積46,530平方公里，2018年人口515,166人，以黑奴後裔和印第安人為主。首府基…",5.6953,-76.6611
loc-達連省-7f7f5eae,達連省,"達連省（西班牙語：Provincia de Darién）是巴拿馬的一個省，位於該國東部，面向太平洋巴拿馬灣。面積11,897平方公里，是該國面積最大的省份。2006年估計人口44,575人。首府达帕马爾。该省东面与哥伦比亚接壤，西邻太平…",8.41666667,-78.15
loc-outram-bangs-ea626d83,Outram Bangs,"Outram Bangs (January 12, 1863 – September 22, 1932) was an American zoologist.",,
loc-约翰-格奥尔格-瓦格勒-9f847863,约翰·格奥尔格·瓦格勒,约翰·格奥尔格·瓦格勒（德語：Johann Georg Wagler，1800年3月28日—1832年8月23日）是德国爬虫两栖类学家和鸟类学家。 生平 瓦格勒于1800年3月28日出生在纽伦堡，父亲是市法院的法官。他在青年时代就热爱自然…,,
loc-william-swainson-ccfed77b,William Swainson,"William Swainson FLS, FRS (8 October 1789 – 6 December 1855), was an English ornithologist, malacologist, conchologist,…",,
loc-马蒂兰-雅克-布里松-9ec574f4,马蒂兰·雅克·布里松,马蒂兰·雅克·布里松（法語：Mathurin Jacques Brisson，法語發音：[matyʁɛ̃ ʒak bʁisɔ̃]；1723年4月30日—1806年6月23日），法国动物学家、自然哲学家，曾为法国科学院院士。 参考文献 本条…,,
loc-阿特拉托河-8c76929a,阿特拉托河,"阿特拉托河（Atrato River ，西班牙语作Rio Atrato）是哥倫比亞的河流，位於該國西北部，由喬科省和安蒂奧基亞省負責管轄，河道全長750公里，集水區面積38,500平方公里，最終注入烏拉巴灣。",7.38222222,-77.11083333
loc-马格达莱纳河-e48598f3,马格达莱纳河,"马格达莱纳河（西班牙語：Río Magdalena）是哥伦比亚境内的主要河流。它得名于圣经人物抹大拉的马里亚。 马格达莱纳河发源于哥伦比亚乌伊拉省境内的安第斯山脉，向北流淌，最终在巴兰基亚注入加勒比海，全长约1,540公里，流域面积26万…",11.11666667,-74.85
loc-馬拉開波湖-aa6e5eb6,馬拉開波湖,马拉开波湖（西班牙語：Lago de Maracaibo），是委内瑞拉西北部的潟湖，為南美洲最大的湖泊，也是地球上最古老的湖泊之一，形成於3600萬年前安第斯山脈北段的断层陷落，含有豐富的油氣資源，是委内瑞拉主要的石油產區和重要的漁農業產…,9.81583333,-71.55666667
loc-新加坡飞禽公园-f6a119ab,新加坡飞禽公园,新加坡飛禽公園（英語：Bird Paradise）是一座位於新加坡萬禮的鳥類園區。園區於2023年5月8日正式開放以取代原本的裕廊飛禽公園，並成為萬態野生動物世界的一部分。萬態野生動物世界還包括新加坡動物園、夜間野生動物園、河川生態園以及…,1.406997,103.781227
loc-新加坡-ce8a7b5b,新加坡,新加坡共和國（英語：Republic of Singapore；馬來語：Republik Singapura；坦米爾語：சிங்கப்பூர் குடியரசு，羅馬化：Ciṅkappūr Kuṭiyaracu），通称新加坡，简称新或星，…,1.28333333,103.83333333
loc-湿地-9ffa9129,湿地,濕地（wetland）是永久或季節性被较浅的水（少于6米的淡水、半咸水或海水）掩蓋的獨特自然环境，是一種許多缺氧過程具有優勢的半水生生態系統，也是陸地生態系統和水域生態系統之間的過渡性地帶。有許多水生植物生長在土壤长期被水体浸泡的特定濕地…,,
loc-印度尼西亚-8e5995ef,印度尼西亚,"印度尼西亞共和国（印尼語：Republik Indonesia，IPA讀音：[rɛpʊblɪk ɪndɔnɛsɪa]），通稱印度尼西亞，簡稱印尼，是位于东南亚的群岛国家；由17,506個岛屿组成，是世界上最大的群島國家，疆域橫跨亞洲及大洋…",-5,120
loc-菲律宾-4d64c545,菲律宾,菲律賓共和國（他加祿語：Republika ng Pilipinas；英語：Republic of the Philippines）簡稱菲律賓，是東南亞的群島國家。位於西太平洋，北隔呂宋海峽與臺灣相望，南隔西里伯斯海與印度尼西亚相望，西隔…,13,122
loc-金伯利-西澳-1cd658a5,金伯利 (西澳),金伯利（Kimberley）是澳大利亚西澳大利亚州的九个地区之一，位于西澳州的北部，西临印度洋，北临帝汶海，南为大沙沙漠和塔纳米沙漠，东则与澳大利亚北领地接壤。 该地区以位于南非的金伯利钻石矿区命名，因这两个区域在地形、风景和资源方面均有…,-17.49145,124.53265
loc-top-end-fecfec3e,Top End,"The Top End is a geographical region encompassing the northernmost section of the Northern Territory of Australia, whic…",-13.39,132.96
loc-约克角半岛-2a6b68ec,约克角半岛,约克角半岛（英語：Cape York Peninsula）是澳大利亚東北部昆士兰州的一个半岛，其北端约克角是澳大利亚大陆的极北点。该半岛在1770年由英国航海家詹姆斯·库克以约克公爵的封号命名。 约克角距新几内亚岛约140公里，两地由托雷…,-15,143
loc-新南威爾士州-7a88cf32,新南威爾士州,新南威爾斯州（英語：New South Wales，缩写为NSW），或譯紐修威省，简称新州、紐省，是澳洲人口最多的一州；位於澳洲的東南部，昆士兰州以南、维多利亞州以北，南澳州以東，首府在悉尼，境內包圍整個澳洲首都領地。新南威爾斯今劃分為1…,-32,147
loc-維多利亞州-042be9e2,維多利亞州,维多利亚州（英語：Victoria，缩写为VIC），简称維州、維省，又譯域多利省，是澳大利亞東岸南部的一个州，是澳洲大陸本土五个联邦州中幅員最小的（僅237629平方公里），但人口卻為澳洲第二多（接近670万，僅次於新南威爾斯州），人口密…,-36.85416667,144.28111111
loc-墨累河-44956690,墨累河,"墨累河（英語：Murray River）是澳大利亞最長的河流，長度為2,995公里（1,861英里），發源於澳大利亞最高的山脈澳大利亞阿爾卑斯山脈（Australian Alps，大分水嶺的一部分）。墨累河往西北方流，構成維多利亞州與新南…",-35.55888889,138.88
loc-北美洲-91ae85a6,北美洲,北亞美利加洲（英語：North America；字源：亞美利哥·維斯普奇），簡稱北美洲，位於西半球北部（或北半球）。東臨大西洋，西臨太平洋，北瀕北冰洋，南以巴拿馬運河為界與南美洲劃分。北美洲還包括加勒比海中眾多島嶼（主要為西印度群島）。北…,,
loc-lake-apopka-41cafa14,Lake Apopka,Lake Apopka is the fourth largest lake in the U.S.,28.62055556,-81.62194444
loc-路易-皮埃尔-维埃约-d872b74a,路易·皮埃尔·维埃约,路易·皮埃尔·维埃约（法語：Louis Pierre Vieillot，1748年5月10日—1830年8月24日）是法国的鳥類學家。 维埃约是第一批用卡尔·林奈式二名法科学描述鸟类的研究者之一。至少有26个他命名的鸟类至今仍在学术界使用…,,
loc-西印度群岛-4d76f475,西印度群岛,西印度群島（英語：West Indies；西班牙語：Indias Occidentales；法語：Indes occidentales）泛指南北美洲之間海域中的一個一連串的島群。北起美國佛羅里達半島南端；西起墨西哥尤卡坦半島東端。總島嶼數…,19,-71
loc-美国-1efc9783,美国,美利堅合眾國（英語：United States of America，縮寫：USA），简称合眾國（United States，縮寫：US）或美国、美利堅、亞美利加、美（America），是位於北美洲的聯邦制共和國。其由50個州、首都华盛顿…,40,-100
loc-撒哈拉以南非洲-666af995,撒哈拉以南非洲,撒哈拉以南非洲（英語：Sub-Saharan Africa）指撒哈拉沙漠以南的非洲地區，也稱黑非洲（Negro Africa）。自然地理上與衣索比亞界高度重疊。政治上，包括了所有或部分领土位于撒哈拉沙漠以南的国家（苏丹除外，尽管位于撒哈拉…,,
loc-南非-ab49d09f,南非,南非共和國（阿非利卡語：Republiek van Suid-Afrika [rɛpɵˈblik fan səitˈafrikɑː]；英語：Republic of South Africa），通稱南非（阿非利卡語：Suid-Afrika…,-30,25
loc-马达加斯加-c43a58cb,马达加斯加,"Madagascar, officially the Republic of Madagascar, is an island country in the Indian Ocean that includes the island of…",-20,47
loc-清邁府-4d178a41,清邁府,清邁府（泰語：จังหวัดเชียงใหม่，皇家轉寫：Changwat Chiang Mai，泰語發音：[t͡ɕāŋ.wàt t͡ɕʰīaŋ.màj]；蘭納語：ᨩ᩠ᨿᨦᩉᩲ᩠ᨾ᩵，tɕiaŋ.màj），泰國北部邊陲的一個府，北面與緬甸…,18.83722222,98.97055556
loc-托马斯-霍斯菲尔德-0d750b27,托马斯·霍斯菲尔德,托马斯·霍斯菲尔德（英語：Thomas Horsfield，1773年5月12日—1859年5月12日）是一位美国医生和博物学家，曾在印度尼西亚广泛工作，描述了该地区的多种植物和动物。他后来成为不列颠东印度公司伦敦博物馆的馆长。 早年经历…,,
loc-加尔各答-b7d2d937,加尔各答,"加爾各答（孟加拉語：কলকাতা [ˈkolˌkata] ，英文旧作Calcutta）是印度西孟加拉邦首府。它位于印度东部恒河三角洲地区，胡格利河（恒河一条支流）的东岸。该市有人口4,486,679人，大都市区人口为14,112,536人…",22.5675,88.37
loc-果阿邦-def0a046,果阿邦,果阿邦（孔卡尼語：गोंय goṃya；馬拉提語：गोवा govā；印地語：गोआ Goa），又譯果亚，是印度面積最小的邦和印度人口第四少的邦（仅多於錫金邦、米佐拉姆邦和阿鲁纳恰尔邦）。 果阿位于以生物多样性著称的西高止山脉，动植物资源…,15.5,73.83
loc-乔治-肖-89c41fbc,乔治·肖,乔治·肖（英語：George Shaw，1751年12月10日—1813年7月22日）是英國植物學家及動物學家。 生平 肖生於白金漢郡的一個村落內，於牛津大學莫德林學院受教育，並在1772年取得其碩士學位后成為執業醫生。1786年起在牛津…,,
loc-约翰-古尔德-f8020282,约翰·古尔德,约翰·古尔德 FRS（英語：John Gould，1804年9月14日—1881年2月3日）是19世纪一位英国鸟类学家。1804年生于英格兰，也是一位商人、艺术家。1838年后与其妻一同前往澳大利亚，在当地发现并為许多新物种命名。 早年…,,
loc-北領地-9fcc5d3d,北領地,北領地（英語：Northern Territory，縮寫為NT），別稱北方领地地区、北部地方、北澳，是澳大利亞的一個聯邦領地，位於澳洲大陸的中北部，北臨帝汶海、阿拉弗拉海與卡奔塔利亞灣，西接西澳州，南鄰南澳州，東界昆士蘭州。其總面積廣達1…,-20,133
loc-东帝汶-7f03b6c1,东帝汶,東帝汶民主共和國（德頓語：Repúblika Demokrátika Timor-Leste；葡萄牙語：República Democrática de Timor-Leste），通称东帝汶（德頓語：Timor Lorosa'e；葡萄牙語…,-8.55,125.56
loc-东南亚-6e4371f5,东南亚,东南亚（英語：Southeast Asia，缩写SEA），即華人傳統所稱之南洋，位于亚洲东南部，由中國以南、印度以東、新幾內亞以西與澳洲以北的多個國家、地區組成，是第二次世界大战后期才出现的地区名称。东南亚分為两個區域，陸域為中南半島，包…,,
loc-福克兰群岛-c4142579,福克兰群岛,"福克兰羣岛（英語：Falkland Islands，/ˈfɔːklənd, ˈfɔːl-, ˈfɒl-/），阿根廷称馬維納斯羣岛（西班牙語：Islas Malvinas，西班牙語發音：[ˈizlaz malˈβinas]），是位于南大西洋…",-51.73,-59.22
loc-american-ornithological-society-5fde31a2,American Ornithological Society,The American Ornithological Society (AOS) is an ornithological organization based in the United States.,41.866269,-87.616997
loc-北非-dbfa37f4,北非,与撒哈拉以南非洲相对，北非（英语：North Africa或Northern Africa）即非洲大陆北部地区，习惯上为苏丹热带草原以北非洲广大区域。联合国定义的“北非”，是指撒哈拉沙漠以北地区，包括埃及、利比亚、阿尔及利亚、突尼斯、摩洛…,,
loc-national-photographic-index-of-australian-wildlife-b9496816,National Photographic Index of Australian Wildlife,The National Photographic Index of Australian Wildlife was founded as a project of the Australian Museum on 3 June 1969…,,
loc-约翰-莱瑟姆-鸟类学家-1edb5695,约翰·莱瑟姆 (鸟类学家),约翰·莱瑟姆（英語：John Latham，1740年6月27日—1837年2月4日）是一位英国医生、生态学家和作家，被认为是“澳大利亚鸟类学”之父，于19世纪初描述和命名了多种澳大利亚的鸟类。著有《A General Synopsis…,,
loc-胡安-費爾南德斯群島-5ad4817f,胡安·費爾南德斯群島,胡安·費南德茲群島（西班牙語：Archipiélago Juan Fernández）是南太平洋上的一個火山島群島。由3個島嶼組成。主要由魯賓遜克魯索島、马斯阿富埃拉岛（亞歷山大塞爾扣克島）和圣克拉拉岛3岛组成。总面积约185平方公里。島…,,
loc-南奥克尼群岛-d226b2b8,南奥克尼群岛,南奥克尼群岛（英語：South Orkney Islands，西班牙語：Islas Orcadas del Sur）是南冰洋中的一组岛屿，位于南极半岛顶端东北方向约604公里和南乔治亚岛西南方向844公里，由科罗内申岛、劳里岛两个大岛和一…,-60.6,-45.5
loc-南设得兰群岛-a6923c87,南设得兰群岛,南设得兰群岛（英語：South Shetland Islands）是南极海的一组群岛，位于南极半岛以北约120公里。根据1959年签订的《南极条约》，该群岛的主权不被缔约国承认或争议，而开放予各国作非军事用途。 阿根廷自1943年起宣称对…,-62,-58
loc-南極半島-37689f6f,南極半島,南極半島（英語：Antarctic Peninsula）是南美洲對岸的西部南极洲上的一個半島，為南極洲唯一位於南極圈外的陆地。南極洲的最高峰文森峰亦位於南極半島。作為南極大陸最北端的領土，南極半島與南極洲其他地區相比下氣候較為溫和，因此大…,-69.5,-65
loc-草沼-e1caf9f8,草沼,草沼即草本沼泽（英語：marsh），也叫草泽，是一种主要生长草本植物的湿地，多半可以發現在湖岸或河岸邊，介於水生與陸生生態系統的過渡，一般未被淹没，但土壤维持水浸状态。优势植物有苔草、莎草和灯芯草等，另外也會有低矮的灌木生長。和草沼不同，…,,
loc-埼玉縣-bf277005,埼玉縣,埼玉縣（日語：埼玉県／さいたまけん，羅馬化：Saitama ken）是位於日本關東地方中部的一個縣，也是日本8個無海岸線的內陸縣份之一，首府及最大城市為埼玉市。其為日本人口第5多的都道府縣，約有733萬。 埼玉縣為日本首都圈的一部分，縣內…,35.95,139.55
loc-泰梅爾半島-06f8393d,泰梅爾半島,泰梅尔半岛（Таймыр полуостров），亚洲大陆最北端的一个半岛。介于喀拉海叶尼塞湾和拉普捷夫海哈坦加湾之间，面积约40万平方千米，全境属俄罗斯克拉斯诺亚尔斯克边疆区管辖，最高点海拔1146米；气候寒冷，海岸线曲折。 附註,74,98
loc-白海-31445d3e,白海,白海（俄語：Белое море；卡累利阿语和芬蘭語：Vienanmeri）是巴倫支海的延伸部分，位於俄羅斯境內，为俄罗斯内海 。西面為卡累利阿共和國，北面為科拉半島，東面為卡寧半島。面积8.9万平方公里。平均深度67米，最深处350米。…,65.5,37.5
loc-波罗的海-586c18da,波罗的海,波罗的（dì）海（英語：Baltic Sea，来自拉丁語：Mare Balticum；德語：Ostsee，直译：「东海」）是中欧和北欧之间的陆间海，也是大西洋的一片陆缘海，海域横贯北纬53度至北纬66度，东经10度至东经30度，介于斯堪的…,58,20
loc-易北河-8c2e2802,易北河,易北河（德語：Elbe，發音：[ˈɛlbə] ；低地德語：Ilv；上與下索布語：Łobjo，發音：[ˈwɔbʲɔ]），又称拉贝河（捷克語：Labe，發音：[ˈlabɛ] ），发源于捷克和波兰交接的苏台德山脉，向南进入捷克，再流成一个弧形转…,53.92222222,8.72222222
loc-不列顛群島-a8f38eb2,不列顛群島,不列颠群岛（英語：British Isles），中文雅稱英伦三岛，是欧洲西北海岸外，大西洋上的群岛。主要包括大不列颠岛、爱尔兰岛、马恩岛、设德兰群岛、奥克尼群岛、赫布里底群岛等等岛屿，习惯上还包括海峡群岛。不列颠群岛现有两国，分别是英国和…,54,-4
loc-自然保护区-ad443a4a,自然保护区,自然保护区指相关法律建立的以保护生物多样性的环境、地质构造及水资源等自然综合体的核心区域。 在自然保护区内，人类的各种活动受到不同程度的限制，以确保一区域内的保护对象保持无人为干预的自然发展状况。自然保护区的设立必须以保护包含某个核心对象…,,
loc-英国皇家鸟类保护协会-1947de33,英国皇家鸟类保护协会,英国皇家鸟类保护协会（Royal Society for the Protection of Birds，縮寫RSPB）是英国的一个慈善组织， 成立于1889年。它致力於透过公眾意識活动、请愿和在英國各地經營自然保护区，以促进鸟类和更廣泛…,,
loc-wildfowl-wetlands-trust-077f6b5d,Wildfowl & Wetlands Trust,The Wildfowl & Wetlands Trust (WWT) is an international wildfowl and wetland conservation charity in the United Kingdom.,,
loc-广东省-ab5cbe45,广东省,廣東省，簡稱粵，為中华人民共和国南部沿海省份，位於中國華南地區，省會為廣州市。“广东”一名起源于漢朝交州刺史部治所广信县，取“初开粤地，宜广布恩信”之意，后称广信以东区域为广东，宋至道三年（997年）设广南东路，为今日广东省名之出处。廣東…,23.4,113.5
loc-裏海-2f4d2244,裏海,"裏海（英語：Caspian sea，俄語：Каспийское море，哈薩克語：Vrkan Teńizi, Выркан теңізі，波斯語：دریای خزر，土庫曼語：Hazar deňzi）是世界上最大的封閉內陸水體，或被歸類…",42,50.5
loc-咸海-585aae1e,咸海,"鹹海（哈薩克語：Aral teńizi, Арал теңізі，烏茲別克語：Orol dengizi, Орол денгизи，卡拉卡爾帕克語：Aral ten'izi, Арал теңизи，俄語：Аральское море，中…",45,60
loc-马里亚纳群岛-db630e8a,马里亚纳群岛,马里亚纳群岛（英語：Mariana Islands）——直到20世纪初还被称为莱德隆群岛（Ladrone），西班牙语意为“强盗群岛”，为麦哲伦所命名，北太平洋上南北纵列的15座火山岛和一些珊瑚岛组成。源自日本附近延伸的海底山脉，马里亚纳群…,16.7,145.78
loc-火山列岛-日本-dcbfcc58,火山列岛 (日本),火山列岛（日語：火山列島，羅馬化：Kazan Rettō）是日本治下的一个群岛，由3个小火山岛组成，属于小笠原群岛。它位于小笠原群岛之南部，隶属东京都小笠原村。 火山列岛包含以下岛屿： 北硫磺島（日語：北硫黄島） 硫磺岛（日語：硫黄島）…,24.76666667,141.3
loc-卡弗縣-d147fecb,卡弗縣,"卡弗縣（英語：Carver County）是美國明尼蘇達州的一個縣，南傍明尼蘇達河。面積974平方公里。根據美國2000年人口普查，共有人口70,205人。縣治查斯卡 (Chaska)。 成立於1855年2月20日。縣名紀念美國探險家約那…",44.82,-93.8
loc-約翰-理查森-博物學家-bdc87e3e,約翰·理查森 (博物學家),約翰·理查森爵士（英語：Sir John Richardson，1787年11月5日—1865年6月5日）是一位蘇格蘭博物學家，以及極地探險家。 約翰·理查森出生於蘇格蘭鄧弗里斯，曾參與約翰·富蘭克林領導的1819年至1822年銅礦遠征，…,,
loc-歐亞大陸-c6f303b6,歐亞大陸,亚欧大陆或欧亚大陆，西方国家称为欧罗细亚（英語：Eurasia），是亚细亚洲和欧罗巴洲的合稱，也可以视为亚欧非大陆的一个部分。面积5475.9万平方公里。 亚、欧二洲单从地理学和地质学方面考虑并非两个独立的大陆，应属同一个地球表面面积最大…,50,80
loc-阿拉斯加州-6d35b63b,阿拉斯加州,阿拉斯加州（英語：Alaska，發音：/əˈlæskə/ ；舊譯「亞尼俺國」、「亞拉士加」）是美國位於北美洲最西北端的聯邦州。州以東與加拿大的英屬哥倫比亞省和育空地區相鄰，最西端位於阿圖島，並與俄羅斯在白令海峽以西有一海上邊界。以北有楚科…,64,-152
loc-铜河-af1296ec,铜河,铜河（英語：Copper River；Ahtna River，/ɑːtˈnə/；阿特纳语：‘Atna’tuu，即“阿特纳之河”；特林吉特语：Eeḵhéeniʔìːq.híː.nì，“铜之河”；）是条290英里（470公里）长的河流，位于美…,60.38861111,-144.96083333
loc-加拿大-25b69dbf,加拿大,加拿大（英语、法语：Canada，英語：/ˈkænədə/，法語：[kanada]）是一個位于北美洲北部的国家，属于西半球及北半球，其领土西临太平洋，东濒大西洋，北接北冰洋，有部分领土位于北极圈内。加拿大东北方与丹麦领地格陵兰相望，並以漢…,60,-110
loc-red-rock-lakes-wilderness-9034d4de,Red Rock Lakes Wilderness,"The Red Rock Lakes Wilderness is within the Red Rock Lakes National Wildlife Refuge in southwest Montana, United States.",44.61666667,-111.73333333
loc-蒙大拿州-cf0308fd,蒙大拿州,"蒙大拿州（英語：Montana）是美國西北部的一州，州名來自於西班牙語的「montaña」（山），此州的面積381,156平方公里，在美國名列第四大，相當於日本國土面積大約100.5%，然而相對之下，人口相當稀少，據2014年估計僅1,0…",47,-110
loc-普吉特湾-487efdb5,普吉特湾,普吉特湾（英語：Puget Sound；/ˈpjuːdʒɪt/）是一個位於美国西雅圖西岸峡灣，北臨加拿大溫哥華島，屬薩利希海的一部份。海灣本身是一個河口系統，結構複雜，交織着通往海洋的水道和盆地。當中有一大兩小的通道与太平洋相连，較大的為…,47.6,-122.4
loc-华盛顿州-e89b2388,华盛顿州,华盛顿州（英語：State of Washington），简称华州，是一個位於美国西北太平洋沿岸的州。北接加拿大不列顛哥倫比亞省，南接俄勒岡州，東臨愛達荷州，西鄰太平洋。为纪念美国首任总统，乔治·华盛顿而成立，亦是唯一以總統名稱命名的州。…,47,-120
loc-帕戈萨斯普林斯-科罗拉多州-7e9152a6,帕戈萨斯普林斯 (科罗拉多州),"帕戈萨斯普林斯（英語：Pagosa Springs）是美国科羅拉多州阿丘利塔县下属的一座城市。建市于1891年3月18日，面积大约为4.881平方英里（12.642平方公里）。根据2010年美国人口普查，该市有人口1,727人。2011年…",37.265,-107.00833333
loc-科羅拉多州-83237b0d,科羅拉多州,科羅拉多州（英語：State of Colorado），簡稱科州，是美國西部的一个州，此州最著名的是擁有洛磯山脈的最高峰，地形從東側的平原陡然升高為西側峻嶺，地理景觀十分壯麗。該州首府兼最大城為丹佛。在整個丹佛的都會區中就包含了該州半數以…,39,-105.5
loc-得克萨斯州-8487bfae,得克萨斯州,得克萨斯州（英語：State of Texas，/ˈtɛksəs/，當地 /ˈtɛksɪz/； 西班牙語：Estado de Texas，Estado de Tejas），简称德州，旧译德沙士；是全美國土地面積和人口第二大的州（面積僅次於…,31,-99
loc-加利福尼亚州-9068131e,加利福尼亚州,"加利福尼亚州（英語：State of California），簡稱加州，是美国西部太平洋沿岸的一个州。面積列美國第三；人口為3,918萬，列美國各州第一。州首府是萨克拉门托。在地理、地貌、物產、人口構成方面都具有多样化的特點。加州有一别名…",37,-120
loc-阿肯色州-aa1acd91,阿肯色州,阿肯色州（英語：State of Arkansas /ˈɑːrkənsɔː/），是美国南部的一个州份，位處密西西比河中下游，北接密苏里州，西界俄克拉荷马州，南邻路易斯安那州，西南与得克萨斯州接壤，东隔密西西比河与田纳西州和密西西比州相望。…,35,-92
loc-赫伯斯普林斯-fd5cfc65,赫伯斯普林斯,赫伯斯普林斯（英語：Heber Springs）是一個位於美國阿肯色州克利本縣的城市。根據2020年美國人口普查，該地共人口6969人，而該地的面積約為23.55平方千米。同時該地也是克利本縣的縣治。 地理 赫伯斯普林斯的座標為35°29…,35.49944444,-92.02222222
loc-比较动物学博物馆-5c4fb705,比较动物学博物馆,比较动物学博物馆（英語：Museum of Comparative Zoology）是一座位于美国哈佛大学的博物馆。 历史 1859年由美国地质学家路易士·阿格西建立于哈佛大学，展品主要来自其私人收藏和哈佛大学学生和教师收藏以及从欧洲购买…,42.37847222,-71.11555556
loc-剑桥-马萨诸塞州-82b5c830,剑桥 (马萨诸塞州),劍橋（英語：Cambridge，又譯坎布里奇）是緊鄰美国麻薩諸塞州波士頓西北方密德瑟斯郡的一個城市，大波士顿的组成部分之一，与波士顿市区隔查尔斯河相对。这里是兩所世界著名大学，哈佛大學和麻省理工學院的所在地。至2006年，世界上共有780…,42.37361111,-71.11055556
loc-西伯利亚-16b4d06f,西伯利亚,西伯利亞（俄語：Сибирь，羅馬化：Sibir）是烏拉山脈以東廣大地區之總稱，佔北亚的大部分，面積超过1310万平方千米，東至太平洋、北至北冰洋、南至中亚北部。自16世纪下半叶以来至今属于俄罗斯，相當於該國領土总面积的75％，但仅占该国…,61,105
loc-格達半島-c15b8bfc,格達半島,格達半島（俄語：Гыданский полуостров）是俄羅斯亞馬爾-涅涅茨自治區的半島，位於喀拉海的西伯利亞海岸，半島長約500公里、闊約260公里，處於鄂畢河口與葉尼塞河口之間，西南端是塔茲河口。聖彼德堡一間博物館收藏著在格達半島…,70,79
loc-亚马尔半岛-55f9beea,亚马尔半岛,亚马尔半岛（俄語：полуо́стров Яма́л），位于俄罗斯西伯利亚西北部，属亚马尔-涅涅茨自治区管辖。半岛东临鄂毕湾，西濒喀拉海和拜达拉塔湾，北临北冰洋，隔海西与新地岛相望，從東到西大約距離700公里，面积有12.2万平方公里。居…,70.67088,70.13672
loc-黑海-4e08ade6,黑海,黑海是欧亚大陆的一个陆间海，被欧洲、高加索和安那托利亞半岛所包围。黑海通过博斯普鲁斯海峽之後進入另一個陸間海—馬摩拉海，通過達達尼爾海峽後与地中海的爱琴海区域相联。西亚和东欧被这一系列水体分隔开来。黑海在北面通过刻赤海峽与亞速海相连。流入…,44,35
loc-保加利亚-429d5225,保加利亚,保加利亚共和国（保加利亞語：Република България，羅馬化：Republika Balgariya，發音：[rɛˈpublikɐ bɐɫˈɡarijɐ]），通稱保加利亞（保加利亞語：България，羅馬化：Balgariy…,43,25
loc-羅馬尼亞-50cba274,羅馬尼亞,罗马尼亚（羅馬尼亞語：România，發音：[romɨˈni.a] ）是一个位於歐洲巴爾幹半島的国家。國境西方分別為匈牙利與塞爾維亞接壤，保加利亞在南方，北方與东北方則是乌克兰與摩尔多瓦共和國。羅馬尼亞有一小段位於黑海西岸的海岸線，多瑙河…,46,25
loc-乌克兰-6a9bbb8a,乌克兰,乌克兰（烏克蘭語：Україна，羅馬化：Ukraina，發音：[ʊkrɐˈjinɐ] ）是位於東歐的共和制國家，南接黑海，東連俄羅斯，北與白羅斯毗邻，西與波蘭、斯洛伐克、匈牙利、羅馬尼亞和摩尔多瓦諸國相連。全國劃分為24個州，1個自治共…,50.45,30.51666667
loc-希腊-13d5814c,希腊,"希臘共和國（希臘語：Ελληνική Δημοκρατία，羅馬化：Ellinikí Dimokratía），簡稱希臘（Ελλάδα，羅馬化：Elláda），是位於歐洲南部的發達跨大陸國家。2024年其人口為1,039萬。雅典為希臘首都及…",39,22
loc-阿塞拜疆-8e40d268,阿塞拜疆,阿塞拜疆共和国（阿塞拜疆語：Azərbaycan Respublikası），通称亞塞拜然（阿塞拜疆語：Azərbaycan），是一个位于東歐和西亞交界处以及外高加索东部的跨大陆国家，所处地区是连接东欧和西亚的十字路口 ，东临裏海，南接伊…,40.3,47.7
loc-爱尔兰岛-85c9123b,爱尔兰岛,爱尔兰岛（愛爾蘭語：Éire，英語：Ireland）是位於欧洲西北部的大西洋島嶼，以面積計算是歐洲第三大島。島上大部分區域屬於爱尔兰共和国的領土，至於島上東北部的北愛爾蘭地區之主權則屬於英国。 整個愛爾蘭島的人口為620萬人。其中居住在愛…,53,-8
loc-多布羅加-f9590e0c,多布羅加,"多布羅加（羅馬尼亞語：Dobrogea，保加利亞語：Добруджа）是位于多瑙河下游，多瑙河和黑海之間的一個地區。目前該地區的北部由羅馬尼亞統治，劃為康斯坦察縣及圖爾恰縣，南部則由保加利亞統治,劃為多布里奇州及錫利斯特拉州。多瑙河三角洲…",44.45,28.33333333
loc-古埃及-65ddc8b1,古埃及,古埃及是位於非洲东北部尼罗河中下游地区的古代文明，开始于公元前3100年左右时美尼斯统一上下埃及建立第一王朝，终止于公元前343年波斯再次征服埃及。雖然之後古埃及文化還有少量延續，但到公元以後的時代，古埃及已經徹底被異族文明所取代。在連象…,,
loc-seedskadee-national-wildlife-refuge-99ccaafd,Seedskadee National Wildlife Refuge,Seedskadee National Wildlife Refuge is a National Wildlife Refuge of the United States located in western Sweetwater Co…,41.85694444,-109.83722222
loc-安大略省-a0e09b2f,安大略省,"安大略省（英語：Ontario），簡稱安省，位于加拿大的東部，面積約100萬平方公里，加拿大的首都渥太华也在安大略省。安大略是加拿大人口最多的聯邦省份，根據2020年4月統計数据显示，安大略人口大約是14,745,040人。 地理 安大略…",49.25,-84.5
loc-羅徹斯特-明尼蘇達州-090152c4,羅徹斯特 (明尼蘇達州),"羅徹斯特 （英語：Rochester）是美國明尼蘇達州奧姆斯特德縣縣治，位於明州東南部贊布羅河畔。面積144.71平方公里， 2020年美國人口普查有人口121,395人，是該州第三大城市。 1854年設市，城名是紀念建城者George…",44.014299,-92.478592
loc-斯瓦尔巴-131bd7bb,斯瓦尔巴,斯瓦尔巴（挪威語：Svalbard，挪威語發音：[ˈsvɑ̂ːɫbɑr]）是挪威位於北极地区的群島，亦是挪威最北界的國土範圍。它坐落在歐洲大陸以北，約佇立於挪威大陸與北極點兩者正中間。群島橫跨北緯74°到 81°、東經10°到35°。斯匹…,78.22,15.65
loc-挪威-1a348e97,挪威,挪威（挪威语、書面挪威語：Norge；新挪威語：Noreg），全称挪威王国（挪威語：Kongeriket Norge；書面挪威語：Kongeriket Norg；新挪威語：Kongeriket Noreg）。是一个位于斯堪的纳维亚半岛的沿…,61,8
loc-索爾韋灣-00fbe0a4,索爾韋灣,索爾韋灣（英語：Solway Firth，蘇格蘭蓋爾語：Tràchd Romhra）是位於英格蘭和蘇格蘭之間的一個海灣，屬於愛爾蘭海的一部分。這一地區的海岸線以低山丘陵和小山為主。雖然旅遊業正在發展，但農業和漁業仍然是索爾韋灣沿岸地區的主…,54.75,-3.66666667
loc-budle-bay-e2f78dca,Budle Bay,"Budle Bay is a 1 mile (1.6 km) wide bay on the North Sea in Northumberland, England, between Bamburgh to the southeast…",55.625,-1.745
loc-新地岛-22032cfc,新地岛,新地岛（俄語：Новая Земля，羅馬化：Novaya Zemlya），俄罗斯在北冰洋内一群岛，属阿尔汉格尔斯克州管辖，全年冰封。该岛位于巴伦支海和喀拉海之间，是乌拉尔山脉在北冰洋内的延伸。群岛面积为8.3万平方公里，人口2716人（…,74.75,57.95
loc-多爾吉島-49a28cef,多爾吉島,多爾吉島（俄語：остров До́лгий，意譯為「長島」）是俄羅斯的島嶼，位於伯朝拉海海普德爾灣東部離岸12公里處，由阿爾漢格爾斯克州的涅涅茨自治區負責管轄，小島形狀狹長，長38公里、闊2.8公里。,69.25,59.067
loc-卡寧半島-9cdf4d30,卡寧半島,"卡寧半島是俄羅斯西北部涅涅茨自治區的大型半島，面積約10,500平方公里（4,000平方英哩），位於北緯68度、東經45度，冰磧高度約70至80米。卡寧半島西部被白海包圍，而東部和北部則是巴倫支海。",67,45
loc-尤戈爾半島-f692dc5e,尤戈爾半島,"尤戈爾半島（俄語：Югорский полуостров）是俄羅斯西北部的大型半島，位於阿爾漢格爾斯克州的涅涅茨自治區，西面是海普德爾灣和伯朝拉海，北面和東面則是喀拉海的拜达拉塔灣，面積18,000平方公里。 外部連結 Permafros…",69.46666667,61.51666667
loc-巴倫支海-b54f0b33,巴倫支海,巴倫支海（挪威語：Barentshavet、俄語：Баренцево море、英語：Barents Sea），位於挪威與俄羅斯北方，是北冰洋的陸緣海之一。名字取自於在該海域病逝的荷蘭航海家威廉·巴倫支。海域沿岸地區被稱為巴倫支地區。由於…,75,40
loc-瓦登海-0428be98,瓦登海,瓦登海（荷蘭語：Waddenzee，發音：[ˈʋɑdə(n)zeː] ；德語：Wattenmeer，發音：[ˈvatn̩ˌmeːɐ̯] ；低地德語：Wattensee、Waddenzee；丹麥語：Vadehavet；菲士蘭語：Waadse…,,
loc-丹麦-caa34833,丹麦,"丹麦（丹麥語：Danmark，發音：[ˈtænmɑk] ），是位于斯堪的纳维亚最南端的北歐國家，总面积42,943平方公里（16,580平方英里），在北欧五国中纬度最低，北倚瑞典西南部，挪威南部，南靠與德国北部接壤，是其欧洲部分唯一的陆上…",56,10
loc-荷兰-dc946ba9,荷兰,尼德蘭（荷蘭語：Nederland，[ˈneːdərˌlɑnt] ，意为「低地之国」），中文通稱荷蘭，是位于欧洲西部的低地国家，由歐洲區荷蘭的12個省份和荷蘭加勒比區的博奈爾島、聖尤斯特歇斯島和薩巴島組成。荷蘭也是荷蘭王國（荷蘭語：Kon…,52,6
loc-羅伯特-里奇韋-f7fc6fb2,羅伯特·里奇韋,羅伯特·里奇韋（英語：Robert Ridgway，1850年7月2日－1929年3月25日），美國鳥類學家，專門研究系統分類學。1881年，史密森學會秘書斯賓塞·富勒頓·貝爾德任命他為美國國家博物館第一位鳥類館館長，該頭銜一直延續到他逝…,,
loc-加拿大北部-36854c1e,加拿大北部,加拿大北部是在地理和政治上定义的加拿大北部地区，通常包括育空、西北地區和努納武特三个地区，都在北极圈附近，并包括北极点。由于加拿大人口集中在南部美加边境附近，所以传统上加拿大没有南部的概念与加拿大北部相对应，因为加拿大北部的定义通常与加拿…,65.82,-107.08
loc-加济兰加国家公园-7e055cbf,加济兰加国家公园,加濟蘭加國家公園（阿薩姆語：কাজিৰঙা ৰাষ্ট্ৰীয় উদ্যান），或譯為卡齊蘭加國家公園，位於印度阿萨姆邦，占地430平方公里，是世界上最重要的印度犀保護區。加濟蘭加國家公園的前身「加濟蘭加森林保護區」設立於1908年，加…,26.66666667,93.35
loc-阿萨姆邦-5701d0c9,阿萨姆邦,阿萨姆邦（阿薩姆語：অসম Ôxôm [ɔˈxɔm]，英語：Assam，博多語：आसाम Asam，孟加拉語：আসাম Âshám [ɑːˈʃɑːm] ），舊譯亞沙， 位于印度東北部，是國家文化和地理上最獨特的地區之一，也是阿薩姆紅茶的產…,26.14,91.77
loc-路德維希-賴興巴赫-b24a1c92,路德維希·賴興巴赫,海因里希·戈特利布·路德維希·賴興巴赫（德語：Heinrich Gottlieb Ludwig Reichenbach，1793年1月8日—1879年3月17日）是一名德国植物学家及鸟类学家。 参考文献,,
loc-中亚-88133474,中亚,中亚（英語：Central Asia；俄語：Средняя Азия / Центральная Азия）即亚洲中部，在地理上是指西至里海，东到中国新疆，南到阿富汗，北到俄罗斯的广大区域。而根据长期占据这片区域大部分领土的前苏联官方定义…,,
loc-南亚-1fa6ecaf,南亚,南亚（英語：South Asia）是術語，以替換百年老詞「印度次大陸」，這老詞用來代表亞洲大陸的南部地區，主要是位於印度板塊和向南投射到印度洋的地方，當中包括8個主權國家：印度、巴基斯坦、孟加拉、斯里蘭卡、馬爾代夫、不丹、尼泊爾、阿富汗（…,,
loc-喜马拉雅山脉-326d8d51,喜马拉雅山脉,喜马拉雅山脉（梵文：ཧིམཱལཡ himālaya；藏語：ཧི་མ་ལ་ཡ་རི་；尼泊爾語：हिमालय）是世界海拔最高的山脉，分布于青藏高原南缘，处于中國西藏自治区与巴基斯坦、印度、尼泊尔、不丹等国边境上。由大喜马拉雅山脉、小喜馬拉雅…,27.98333333,86.91666667
loc-泰米尔纳德邦-cc71375c,泰米尔纳德邦,泰米尔纳德邦（坦米爾語：தமிழ் நாடு 坦米爾語：[ˈt̪amiɻ ˈn̪aːɽɯ] ；印地語：तमिलनाडु，羅馬化：Tamil Nadu）是印度南部的一个邦，南临印度洋，东隔孟加拉湾与斯里兰卡相望，西与卡纳塔克邦、喀拉拉邦接壤…,11,79
loc-白令海-d784cf1e,白令海,白令海（Bering Sea），或譯為白林海。是指太平洋北部被阿拉斯加半岛、阿留申群岛、堪察加半岛、西伯利亚和阿拉斯加围成的一片水域，北端通过白令海峡与北冰洋相连。白令海得名于最先发现它的欧洲探险家维图斯·白令。在最近一次的冰河時期，海平…,58,-178
loc-俄羅斯遠東地區-53945c47,俄羅斯遠東地區,俄羅斯遠東地區（俄語：Дальний Восток России，羅馬化：Dalny Vostok Rossii，發音：[ˈdalʲnʲɪj vɐˈstok rɐˈsʲii]），位於俄羅斯東部，為西伯利亞貝加爾湖東部與太平洋之間；其中所屬…,,
loc-阿留申群島-51e97f93,阿留申群島,阿留申群島（英語：Aleutian Islands，可能來自楚科奇語：aliat，為島嶼的意思）位於白令海與北太平洋之間，自阿拉斯加半島向西伸延至堪察加半島。屬於阿拉斯加半島上阿留申山脈的延伸。由超過三百個細小的火山島（當中有57座火山）…,52.2,-174.2
loc-不列颠哥伦比亚省-3432d47b,不列颠哥伦比亚省,不列颠哥伦比亚（英語：British Columbia，香港、新加坡譯卑詩，台湾譯不列顛哥倫比亞，縮寫：B.C.；法語：Colombie-Britannique，縮寫：C.B.），或譯英屬哥倫比亞、中文另外又稱BC省，是加拿大最西部的省，…,54,-125
loc-美國本土-3e1cc8b5,美國本土,根據使用方式，美國本土（英語：Contiguous United States，直译：美國連續地區）一詞代表： 美國在美洲大陆互相接壤的48州與华盛顿哥伦比亚特区； 而美國大陆（英語：Continental United States）则…,,
loc-俄罗斯-7eac3d4d,俄罗斯,俄罗斯联邦（俄語：Российская Федерация，羅馬化：Rossiyskaya Federatsiya，發音：[rɐˈsʲijskəjə fʲɪdʲɪˈrat͡sɨjə]，缩写：РФ，羅馬化：RF），通称为俄聯邦、俄羅斯、俄國…,66,94
loc-育空-柯斯科克溫三角洲-92927142,育空-柯斯科克溫三角洲,"育空-柯斯科克溫三角洲（Yukon–Kuskokwim Delta）是美国阿拉斯加州西海岸育空河和卡斯科奎姆河白令海入海口附近的一個河流三角洲。它的面积约为129,500平方公里，是世界上最大的三角洲之一。它比密西西比河三角洲面積更大，并…",61,-164
loc-阿拉斯加半島-4be67e8d,阿拉斯加半島,阿拉斯加半島（Alaska Peninsula）是一个位於北美洲西北部的阿拉斯加州南側長達800千米的半島。半島的西南方指向阿留申群島。阿拉斯加半島和阿留申群島的两边分别是太平洋與白令海的布里斯托湾。 外部連結,56.5,-158.75
loc-科迪亚克岛-17b8f9b4,科迪亚克岛,科迪亚克岛（英語：Kodiak Island），美国阿拉斯加州南部一岛屿，位于阿拉斯加湾西部，距离安克雷奇250英里（400公里）。 该岛是科迪亚克群岛的主岛，也是阿拉斯加州第一大岛和仅次于夏威夷大岛的美国第二大岛，面积8975平方公里，…,57.46666667,-153.43333333
loc-格陵兰-d99a3bdb,格陵兰,格陵蘭島（格陵蘭語：Kalaallit Nunaat，發音：[kalaːɬːit nʉnaːt]；丹麥語：Grønland，發音：[ˈkʁɶnˌlænˀ]）是丹麥王國框架內之自治領地。格陵蘭島是世界最大島嶼，位於北美洲東北，介乎北冰洋與大…,72,-40
loc-dansk-ornitologisk-forening-df2f0b11,Dansk Ornitologisk Forening,"Dansk Ornitologisk Forening (DOF), also known as the Danish Ornithological Society or BirdLife Denmark, is a Danish non…",55.6707,12.5414
loc-瑞典农业科学大学-6378e41c,瑞典农业科学大学,瑞典农业科学大学（瑞典語：Sveriges Lantbruksuniversitet，缩写为“SLU”），是一所瑞典大学。其总部位于乌普萨拉的Ultuna，该校的几个分校区分别位于瑞典的不同地区，其中包括卢马市镇的Alnarp校区，斯卡拉…,59.815,17.663
loc-大韩民国-0b6af90b,大韩民国,大韩民国（韓語：대한민국／大韓民國，羅馬化：Daehan Minguk），简称韩国（한국／韓國，Hanguk）或南韩（남한／南韓，Namhan），是位於东亚朝鲜半岛南部的共和制国家，首都為首爾特別市。韓國國土三面環海，西南瀕臨西海（黃海）…,36,128
loc-日本-4dbed2e6,日本,"日本國，通稱日本，是位於東亞的島嶼國家。國土全境由北海道、本州、四國、九州等本土四島為基礎的14,125座島嶼組成，周圍被太平洋及鄂霍次克海、日本海、东海等陆缘海環抱；東北與存有主權爭議的千島群島鄰接、西鄰朝鮮半島及俄屬遠東、西南則以琉球…",36,138
loc-布里亞特共和國-56420cbc,布里亞特共和國,布里亚特共和国（俄語：Респу́блика Буря́тия，羅馬化：Respublika Buryatiya；布里亞特語：Буряад Улас 或 Буряад Республика，罗马化分别为 Buryaad Ulas 和 Bu…,53.8,109.33333333
loc-中国东北地区-cb57c10c,中国东北地区,中国东北地区，简称中国东北或东北，清初称盛京统部，雍正之后已普遍称东三省，近代曾經被称作關東、滿洲，是中国的一個地理大区。 現在中華人民共和國的东北地区，廣義上指辽宁省、吉林省、黑龙江省以及内蒙古自治区的呼伦贝尔市、兴安盟、赤峰市、通辽市…,,
loc-动物多样性网-220e2e11,动物多样性网,"动物多样性网（Animal Diversity Web）是一个在线数据库，收集了数千种动物的自然历史、分类、物种特征、保护生物学和分布信息。 该网站由密歇根大学教授Philip Myers于1995年创建。网站内现有超过10,000张图片…",,
loc-芬諾斯堪底亞-838029a5,芬諾斯堪底亞,芬諾斯堪底亞或稱芬諾-斯堪地納維亞，指科拉半島、斯堪地那維亞半島、卡累利阿及芬蘭地區的地質及地理名詞。地理上，該詞亦指挪威、瑞典及芬蘭等地的芬諾斯堪地盾，而該地盾為波羅的地盾的一部分。 在文化方面，芬諾斯堪底亞指歷史上較相近的薩米人、芬蘭…,63,17
loc-臺南市-5779a673,臺南市,"臺南市，通稱台南，為中華民國直轄市，臺灣六都之一，位於臺灣西南部，其西面臨臺灣海峽、東面臨阿里山山脈、北面與嘉義縣鄰接、南面與高雄市鄰接。面積2,191.65平方公里，為台灣各縣市中，平原區比例最大、地形最平緩的城市。農耕地面積全臺灣第一…",22.99,120.185
loc-中華民國-e9cfdf77,中華民國,中華民國是位於東亞的民主共和國，曾在国际上广泛代表中國，現今多通稱「臺灣」。1912年建國時以前清之中國既有領土為疆域，經歷1949年政府遷臺，現有效管轄範圍包括臺灣本島、澎湖群島及其附屬島嶼，以及中國大陸福建沿岸的金門群島、馬祖列島等島…,24,121
loc-wwt-slimbridge-4456005c,WWT Slimbridge,"WWT Slimbridge is a wetland wildlife reserve near Slimbridge in Gloucestershire, England.",51.741471,-2.405979
loc-格洛斯特郡-50bab221,格洛斯特郡,格洛斯特郡（英語：Gloucestershire，發音：/glɒstɚʃɚ/），英國英格蘭西南部的郡。以人口計算，格洛斯特是最大城市（亦是郡治），南格洛斯特郡是第1大區（District），切爾騰納姆是第2大區、第1大自治市鎮（Borou…,51.8,-2.2
loc-holkham-national-nature-reserve-dda84373,Holkham National Nature Reserve,Holkham National Nature Reserve is one of England's largest national nature reserve (NNR).,52.969,0.813
loc-冰岛-feed6a95,冰岛,冰岛（冰島語：Ísland，發音：[ˈistlant] ）是北欧的一个共和制岛国，位于北大西洋和北冰洋交汇处。冰岛国土面积为10.3万平方公里，人口为39万，儘管面積不大，卻是欧洲人口密度最低的国家，也是世界范围内人口密度很小的国家之一。…,65,-18
loc-大不列顛島-c1658bb7,大不列顛島,"大不列颠岛（英語：Great Britain；蘇格蘭蓋爾語：Breatainn Mhòr；威爾斯語：Prydain Fawr；康瓦爾語：Breten Veur）是一个位于欧洲西北部的岛屿，面積209,331平方公里，是全世界第九大岛屿，也…",54,-2
loc-jean-th-odore-delacour-acec4de7,Jean Théodore Delacour,Jean Théodore Delacour (26 September 1890 – 5 November 1985) was a French ornithologist and aviculturist.,,
loc-美洲-f26eed21,美洲,亚美利加洲（英語：Americas）簡稱美洲，位于西半球，自然地理分为北美洲和南美洲，其中北美洲可进一步划分为北美地区、中美洲（联合国地理方案将墨西哥视为中美洲的一部分）和加勒比地区（西印度群岛）三个地理区域。美洲的总面積達4254.9万…,19,-96
loc-lower-rio-grande-valley-5e77b915,Lower Rio Grande Valley,"The Lower Rio Grande Valley (Spanish: Valle del Río Grande), often referred to as the Rio Grande Valley (RGV) of South…",26.22,-98.12
loc-森林-8aa2cdb2,森林,森林，是一个高密度树木的区域（或历史上，森林是一个为狩猎而留出的荒地），涵蓋大約9.4％的地球表面（或佔約30％的總土地面積）。聯合國糧食及農業組織(FAO)將森林定義為「面積超過 0.5 公頃、樹木超過 5 公尺且樹冠覆蓋率超過 10%…,,
loc-湖泊-0d5da6a5,湖泊,湖泊（lake）是内陆洼地中相对静止、有一定面积，不与海洋发生直接联系的水体。全世界共有约1.17亿个湖泊，共覆盖了地球近500万平方公里。 從地球歷史上來看，湖泊只是暫時存在的水體，會受到泥沙淤積而慢慢陸化；除了少數古老湖泊，如貝加爾湖…,,
loc-martin-mere-71eb37bb,Martin Mere,"Martin Mere is a mere near Burscough, in Lancashire, England, on the West Lancashire Coastal Plain.",53.6225,-2.86861111
loc-蘭開夏-d1935f99,蘭開夏,蘭開夏（英語：Lancashire），又譯蘭開斯特郡，是英國英格蘭西北部的郡，包含2個城市。以人口計算，蘭卡斯特市是第1大城市、第1大自治市鎮（Borough），普雷斯頓是第2大城市（亦是郡治）、第4大自治市鎮，黑池是第1大鎮（Town）…,53.8,-2.6
loc-國際自然保護聯盟-2992ef64,國際自然保護聯盟,國際自然與自然資源保護聯盟（英語：International Union for Conservation of Nature and Natural Resources），通稱為國際自然保護聯盟（英語：International Uni…,,
loc-河迹湖-df1de2e3,河迹湖,河迹湖，又稱牛軛湖、马蹄湖，是由于河流的变迁或改道，曲形河道自行截弯取直后留下的旧河道所形成之湖泊。这类湖泊多呈弯月形、水深较淺。在美國德克薩斯州南部，格蘭德河改道後所留下河迹湖被稱為「惋曲湖」（Resaca）。而在澳洲，河迹湖被稱為「比…,,
loc-布宜诺斯艾利斯省-7df6a0bd,布宜诺斯艾利斯省,布宜诺斯艾利斯省（西班牙語：Buenos Aires）為南美國家阿根廷二十三省之一，是阿根廷二十四个自治省份（estados autogobernados）之一或者一级司法管辖权（jurisdicciones de primer orde…,-37,-60
loc-彭巴草原-529356bb,彭巴草原,彭巴草原（西班牙語：Región pampeana 或 Pampa，“彭巴”在當地克丘亞語中為“平原”之意）也稱彭巴平原，是位於南美洲東南沿海的一片肥沃平原，主要範圍包括阿根廷的布宜諾斯艾利斯省、拉潘帕省、圣菲省、科爾多瓦省以及巴西南部的…,-35,-62
loc-西巴布亚-b712982c,西巴布亚,西巴布亚，又称西新几内亚，為新几内亚岛（又称伊里安岛）的西部，分為印度尼西亚的巴布亚省、西巴布亚省、中巴布亞省、高地巴布亞省、南巴布亞省。 14世纪初，在新几内亚岛西北部出现凯马纳王国。在殖民者到来之时，蒂多雷苏丹国控制多貝拉伊半島的部分…,-4,136
loc-巴布亚新几内亚-07ab895c,巴布亚新几内亚,巴布亚新几内亚独立国（英語：Independent State of Papua New Guinea），通称巴布亚新几内亚（Papua New Guinea，缩写：PNG；巴布亞皮欽語：Papua Niugini；希里木托語：Papua…,-6,147
loc-摩鹿加群岛-2d13e6a0,摩鹿加群岛,摩鹿加群岛（英語：Maluku Islands，Moluccas；印尼語：Kepulauan Maluku），有時被稱為「東印度群島」，位置处于苏拉威西岛东面、新几内亚西面以及帝汶北面，为印度尼西亚境內众多群岛板块之一，是马来群岛的组成部…,-3,129
loc-尼罗河-513a84e3,尼罗河,尼罗河是一条流經非洲東北部的河流，自南向北流贯蘇丹草原和撒哈拉沙漠注入地中海，全長6650千米，是世界上最長的河流，流域面積334.9萬平方公里，占非洲大陆面积的九分之一以上。尼羅河的名字來自古希臘語Νεῖλος（Neilos），可能源於…,30.1725,31.14
loc-衣索比亞高原-20c47310,衣索比亞高原,衣索比亞高原（又譯埃塞俄比亞高地）是非洲國家埃塞俄比亞、厄立特里亞和索馬里的一個高原，由一群堅固且大規模的山構成，在非洲之角的索馬里北部及衣索比亞。它有時也被稱為“非洲屋脊”（Roof of Africa），因為它的高度和很大的面積。 衣…,10.705775,37.849282
loc-多瑙河-419fa8e7,多瑙河,多瑙河是欧洲第二大河，次於俄罗斯的伏尔加河，發源於德國黑森林地區，最後注入黑海，全長2857公里，流域面積81.7万平方千米，平均流量為6500立方公尺/秒。 多瑙河是中东欧極為重要的国际河道，流经德国、奥地利、斯洛伐克、匈牙利、克罗地亚…,45.2175,29.76138889
loc-南部非洲-488ef0f2,南部非洲,南部非洲（英语：Southern Africa）即非洲大陆南部地区，不常简称為南非，“南非”（英语：South Africa）通常指南非共和国。联合国地理方案的南部非洲次分区包括下列五個南部非洲关税同盟国家： 博茨瓦纳 史瓦帝尼（斯威士兰…,,
loc-贝加尔湖-06c8069f,贝加尔湖,"貝加爾湖（俄語：озеро Байкал，羅馬化：Ozero Baykal；布里亞特語：Байгал нуур，羅馬化：Baygal nuur）位於俄羅斯西伯利亚伊爾庫茨克州、布里亞特共和國境內，面積約為31,722平方公里，距離蒙古国邊…",53.5,108
loc-富埃特文图拉岛-904f740c,富埃特文图拉岛,富埃特文图拉岛（西班牙語：Fuerteventura）是西班牙加那利群岛的一部分，位于大加那利岛和兰萨罗特岛之间。富埃特文图拉岛面积约1660平方公里，是加那利群岛中的第二大岛。 地质 富埃特文图拉岛是在大约两千万年前形成的，是加那利群岛…,28.4,-14
loc-加那利群岛-fdbf818a,加那利群岛,加那利群島（西班牙語：Islas Canarias或简称Canarias，發音：[kaˈnaɾjas] ）是一個西班牙的群島及西班牙位置最南的自治區，位于大西洋中，在摩洛哥以西100公里处。该群岛是歐盟特別領域中的外延地区之一，也是西班牙…,28,-15.75
loc-查谟和克什米尔-中央直辖区-b54b0ff3,查谟和克什米尔 (中央直辖区),查谟和克什米尔（英语：Jammu and Kashmir，J&K）是位於印度北部的一个聯邦屬地，分为查谟和克什米尔山谷两个专区，為印度控制的克什米爾的一部分。该地南面与旁遮普和喜马偕尔邦接壤，东北部与拉達克相连，西北部与巴基斯坦控制的阿扎…,33.09,74.79
loc-西班牙-ad7318c3,西班牙,西班牙王国（西班牙語：Reino de España），通稱西班牙（西班牙語：España，發音：[esˈpaɲa] ），是位於欧洲南部的君主立宪制国家，首都及最大城市为马德里。其大部分领土位于伊比利亚半岛上，占到了伊比利亚半岛总面积之六…,40,-4
loc-卡皮蒂島-67af15ca,卡皮蒂島,"卡皮蒂島是新西蘭的島嶼，位於北島南部西岸的塔斯曼海，由威靈頓地區負責管轄，長8公里、寬2公里，面積19.65平方公里，最高點海拔高度521米，島上無人居住。 外部連結 Kapiti Island Nature Reserve, Depar…",-40.855,174.915
loc-大巴里爾島-d20cbd1f,大巴里爾島,"Great Barrier Island (Māori: Aotea) lies in the outer Hauraki Gulf, New Zealand, 100 kilometres (62 mi) north-east of c…",-36.2,175.41666667
loc-塔斯馬尼亞州-a7b95e28,塔斯馬尼亞州,塔斯馬尼亞州（Tasmania，發音：/tæzˈmeɪniə/；帕拉瓦卡尼語：Lutruwita），簡稱塔州，是澳大利亞唯一的島嶼州，原名范迪門地（Van Diemen's Land，又譯萬迪門蘭）。該州位於澳大利亞大陸東南方約240公里…,-42,147
loc-威廉-埃尔福德-利奇-18abf953,威廉·埃尔福德·利奇,威廉·埃尔福德·利奇（英語：William Elford Leach，1791年2月2日—1836年8月25日）是一名英国动物学家和海洋生物学家。 生平 利奇年轻时就在德文郡海岸收集海洋标本，对海洋生物产生浓厚的兴趣。早年曾在伦敦聖巴多羅…,,
loc-拉布拉多-9139535f,拉布拉多,拉布拉多（英語及法語：Labrador；伊努克提圖特語：Nunatsuak）是加拿大一個地區，位處大西洋沿岸，與一海之隔的紐芬蘭島組成加拿大的紐芬蘭與拉布拉多省。拉布拉多是該省的陸地部分，位於拉布拉多半島的東北部。 根據2006年的人口普…,54,-62
loc-纽芬兰岛-015c7398,纽芬兰岛,"纽芬兰岛（英語：Newfoundland，/ˈnjuːfən(d)lənd, -lænd, njuːˈfaʊnd-/，當地 /ˌnjuːfəndˈlænd/，法語：Terre-Neuve，意指「新尋獲之地」），是一位於北大西洋的大型島嶼，…",48.54166667,-56.125
loc-哈得孙湾-0d768400,哈得孙湾,哈得孙湾（英語：Hudson Bay；或称哈德逊湾、哈德森湾），位于加拿大东北部巴芬岛与拉布拉多半岛西侧的大型海湾。海湾处于努纳武特地区，水体面积123万平方千米。平均水深100米。哈得孙湾是世界上面积最大的内海。而气象层面上，哈得孙湾可…,60,-86
loc-蘇格蘭-1cb3b14b,蘇格蘭,蘇格蘭（英語、低地蘇格蘭語：Scotland，英語：/ˈskɒt.lənd/），又稱為阿尔巴（蘇格蘭蓋爾語：Alba，發音：[ˈal̪ˠapə] ），是一個西歐國家，为英國的一個構成國。蘇格蘭位於大不列顛島北部，英格兰之北，被大西洋環繞包…,57,-4
loc-楚科奇自治区-00fe126b,楚科奇自治区,楚科奇自治區（俄語：Чуко́тский автоно́мный о́круг，羅馬化：Chukotsky avtonomny okrug；楚科奇語：Чукоткакэн автономныкэн округ），通稱楚科奇（Чуко́тк…,66.66666667,171
loc-薩斯喀徹溫省-bfeda6c5,薩斯喀徹溫省,薩克其萬省（英语、法语：Saskatchewan），簡稱薩省或沙省，是加拿大的一級行政區（省級），首府設於雷吉納。薩克其萬於1905年成立，與隔鄰的亞伯達省和曼尼托巴省合稱草原三省。薩克其萬向來以農業與畜牧生產著稱，是加拿大重要的糧倉地帶…,54,-106
loc-北半球-6e1922ec,北半球,北半球（英語：Northern Hemisphere）是指地球赤道以北的半球。北半球表面有60.7%是水，佔地球的42.9%；39.3%是陸地，佔地球的67.3%。 北半球的陸地包含了亞洲大部份、歐洲全部、非洲北半部、北美洲全部、南美洲北…,,
loc-岸-4d4f1e5c,岸,岸（又稱濱），分為海岸、湖岸及河岸，是在水面和陆地接触处，经波浪、潮汐、海流等作用下形成的滨水地带，其中有眾多沉積物堆積而形成的岸稱為灘。 海水作用 波浪，經常造成侵蝕 海流，經常造成堆積 潮汐 海岸類型 依構成物質區分 可分為岩岸與沙岸…,,
loc-满洲-地名-945ca754,满洲 (地名),滿洲（滿語：ᠮᠠᠨᠵᡠᡤᡠᡵᡠᠨ，羅馬化：Manju Gurun；英語：Manchuria）是東北亞歷史地區，狹義上相當於中国东北地区（即中國的东北三省，亦可包括内蒙古自治區的东四盟市）。广义上则包括曾由中國統治但現屬俄羅斯的外東北（即外…,43,125
loc-巴拉圭河-5d40521a,巴拉圭河,巴拉圭河（西班牙語：Rio Paraguay，葡萄牙語：Rio Paraguai）是南美洲中南部的一條重要河流，巴拉那河(Parana River)主要支流。它流經巴西和巴拉圭，是巴西與玻利維亞、巴拉圭與巴西和巴拉圭與阿根廷的邊界河。它起…,,
loc-akatarawa-valley-48a73ed8,Akatarawa Valley,The Akatarawa Valley is a valley in the Tararua Range of New Zealand's North Island.,-41.011597,175.170107
loc-古希腊语-a768b3e5,古希腊语,古希腊语（阿提卡方言: Ἑλληνικὴ γλῶττα，伊奧尼亞方言 / 多利亞方言：Ἑλληνικὴ γλῶσσα） 指公元前9世紀至公元前4世紀所有以口头及书面为载体的古希腊语族的方言，時間上包括公元前9世纪至公元前6世纪的古風时期，…,,
loc-海鳥-4f6bf339,海鳥,海鳥是一種能夠適應海洋氣候環境的鳥類，而無論於生活習慣、生理運行等皆與其他鳥類大有不同。其有著強烈的趨同演化，因此所有海鳥的生態職位均十分類似。而海鳥最初出現於白堊紀之時，距今有近億年，但是與現代海鳥之關係並不大。若果論及現代海鳥之遠祖，…,,
loc-俄语-fc909679,俄语,俄語（русский язык，羅馬化：russkiy yazyk，發音：[ˈruskʲɪj jɪˈzɨk] ）属于斯拉夫语族的东斯拉夫语支，是斯拉夫语族中使用人数最多的语言，是俄羅斯、白俄羅斯、吉尔吉斯斯坦及哈萨克斯坦的官方語言，主要在…,,
loc-火山口湖-93f45170,火山口湖,火山口湖，簡稱火口湖，指火山在噴發後，於火山口積水而形成的湖泊，為火山湖（受火山作用所形成）之一種。 著名的火山湖 參考資料,,
loc-阿劳特拉湖-cf097127,阿劳特拉湖,阿劳特拉湖（法語：Lac Alaotra）是马达加斯加最大的湖泊。位于图阿马西纳省，在中央高原的北部。湖所在的洼地由数个较浅的淡水湖组成，是全岛最重要的稻米生产地的中心。 该湖是一个重要的野生动物栖息地，包括数种极其稀有的物种，也是渔业基…,-17.5,48.5
loc-黄河-823cde7c,黄河,黄河在中国古代称作河水、大河，简称河，是中国的第二长河，仅次于长江，也是世界第七长河流。发源于中国青海省巴颜喀拉山脉支脉各姿各雅山北麓的卡日曲，依次穿越青藏高原、黄土高原、内蒙古高原、华北平原的青海、四川、甘肃、宁夏、内蒙古、陕西、山西、…,37.763,119.162
loc-中华人民共和国-025fceab,中华人民共和国,中华人民共和国是位於东亚的社会主义国家，也是現今世界少數由共产党建立並持續單獨執政的國家。国土面积约960万平方千米，位居世界各國第三位，其以漢族傳統領域為核心，涵蓋鄰太平洋的亞洲大陸東側大部區域，並與14個國家以陸地邊界接壤。全国行政区…,35,103
loc-孟加拉国-ffb382f4,孟加拉国,孟加拉人民共和国（孟加拉語：গণপ্রজাতন্ত্রী বাংলাদেশ，羅馬化：Gaṇaprajātantrī Vāṁlādeśa；英語：People's Republic of Bangladesh），通稱孟加拉国（孟加拉語：বাং…,24,90
loc-印度-f0013374,印度,印度共和国（印地語：भारत गणराज्य，羅馬化：Bhārat Gaṇarājya，英語：Republic of India），通称印度（印地語：भारत，羅馬化：Bhārat；英語：India），是位于南亚次大陆上的国家，面积位列世…,21,78
loc-朝鲜民主主义人民共和国-ddfc2ce1,朝鲜民主主义人民共和国,朝鮮民主主義人民共和國（朝鮮語：조선민주주의인민공화국／朝鮮民主主義人民共和國，羅馬化：Chosŏn Minjujuŭi Inmin Konghwaguk），簡稱朝鮮（조선／朝鮮）或北韓（북한／北韓），是位於東北亞朝鮮半島北部的國家，實際…,40,127
loc-老挝-0d5ce5bc,老挝,老挝人民民主共和国（寮語：ສາທາລະນະລັດ ປະຊາທິປະໄຕ ປະຊາຊົນລາວ，简写：ສປປ ລາວ），通稱寮國（寮語：ລາວ），是位于東南亞中南半岛的社会主义国家，首都及最大城市为万象，通行寮语，面积23.68万平方公里，…,18,105
loc-缅甸-b3498e0d,缅甸,緬甸聯邦共和國（緬甸語：ပြည်ထောင်စု သမ္မတ မြန်မာနိုင်ငံတော်，羅馬化：Pranyhtaungcu. Sa.ma.ta.,22,96
loc-尼泊尔-231a45b7,尼泊尔,尼泊尔联邦民主共和国（尼泊爾語：सङ्घीय लोकतान्त्रिक गणतन्त्र नेपाल），通称尼泊尔（नेपाल），是南亚喜马拉雅山脉地区的内陆国家，北与中国相接，其余三面与印度为鄰，与孟加拉国仅隔27公里的走廊。尼泊爾的領…,28.16666667,84.25
loc-泰国-6e4d220d,泰国,泰王国（泰語：ราชอาณาจักรไทย，皇家轉寫：Ratcha-anachak Thai），通稱泰国（泰語：ประเทศไทย，皇家轉寫：Prathet Thai），舊称暹罗（泰語：สยาม，皇家轉寫：Sayam），是东南亚的君主立宪…,15,101
loc-越南-29eeb04d,越南,越南社会主义共和国（越南語：Cộng hòa Xã hội chủ nghĩa Việt Nam／共和社會主義越南，），通称越南（越南語：Việt Nam），是位于东南亚中南半岛东端的社会主义国家。北接中国，西邻柬埔寨与老挝，全国人口约逾…,16,108
loc-不丹-8d635775,不丹,不丹王国（宗喀語：འབྲུག་ཡུལ་，威利：druk yul），通称不丹，清朝史籍稱布魯克巴（藏語：འབྲུག་པ，威利转写：'brug pa，“不丹人”之意），是位于中国和印度之间、喜马拉雅山脉东段南坡上的一个君主立宪制内陆国家，西接…,27.417,90.435
loc-巴基斯坦-9201e536,巴基斯坦,巴基斯坦伊斯兰共和国（乌尔都语：اسلامی جمہوریہ پاکستان‬；英语：Islamic Republic of Pakistan），通称巴基斯坦，位于南亚，东与印度比邻，南面是印度洋，西与伊朗接壤，西北和阿富汗相連，東北与中…,30,70
loc-长春市-769df479,长春市,长春市，简称长，别称“北国春城”，是中华人民共和国吉林省的省会、副省级市、全国性综合交通枢纽城市和全国重要的装备制造业基地。长春位于中国东北平原的腹地松辽平原上，东北同黑龙江省的省会城市哈尔滨市接壤，是东北地区的“地理中心”，也是“一带一…,43.897,125.326
loc-太平洋諸島-579949e6,太平洋諸島,太平洋島嶼（英语：Pacific islands）即是指散布於太平洋的島嶼，狭义上指大洋洲的三大島群，即：美拉尼西亞島群、密克羅尼西亞島群、玻里尼西亞島群。 島群 美拉尼西亞島群（Melanesia，希臘語字根為「黑人群島」之義）位於赤道…,,
loc-英格兰-91695792,英格兰,英格蘭（英語：England；古英語：Englaland），又稱作英國、英倫，漢語舊稱“英吉利”，為英國的構成國之一，位於大不列顛島東南部，蘇格蘭以南，威爾斯以東，是英國面積最大、人口最多、經濟最發達的一個地区。雖然就傳統上一般可以認為其…,53.13,-1.38
loc-北爱尔兰-45bb1412,北爱尔兰,北愛爾蘭（愛爾蘭語：Tuaisceart Éireann；英語：Northern Ireland；阿爾斯特蘇格蘭語：Norlin Airlann）是英國的組成部分，位于爱尔兰岛东北部，擁有國家、省、地區這些不同的術語稱呼。北愛爾蘭的西部和…,54.61,-6.62
loc-爱尔兰-57944a7d,爱尔兰,爱尔兰（愛爾蘭語：Éire；英語：Ireland），也稱為爱尔兰共和国（愛爾蘭語：Poblacht na hÉireann；英語：Republic of Ireland），是一个位于西北欧的沿海国家。其领土位于爱尔兰岛，涵盖该岛的大部分地…,53,-8
loc-alexander-wilson-ornithologist-ebfffab1,Alexander Wilson (ornithologist),"Alexander Wilson (July 6, 1766 – August 23, 1813) was a Scottish-American poet, ornithologist, naturalist, and illustra…",,
loc-西北欧-27bed960,西北欧,西北欧（英语：North-western Europe），包括英国、爱尔兰、德国、法国的北部、低地国家（荷兰、比利时和卢森堡）以及北歐诸国 （通常不包括芬兰 ）。这种使用通常用于讨论气候变化和生物问题。一般来说，它代表的气候和生物地理学是…,,
loc-mckenzie-river-oregon-858cef8d,McKenzie River (Oregon),The McKenzie River is a 90-mile (145 km) tributary of the Willamette River in western Oregon in the United States.,44.12555556,-123.10555556
loc-old-crow-flats-aaadfa5a,Old Crow Flats,"Old Crow Flats (Van Tat in the Gwichʼin language) is a 6,170 km2 (2,382 sq mi) wetland complex in northern Yukon, Canad…",67.441,-139.82
loc-黄海-e49ed1dd,黄海,黄海，朝鮮半島基于地理位置有时会称为西海，是太平洋西部的边缘海，位于中国大陆与朝鲜半岛之间。黄海平均水深44米，海底平缓，为东亚大陆架的一部分。黄海在地理学上亦可被视为东海西北部的延伸部分。 名称 黄海是全球四座以颜色命名的海洋之一（另三…,38,123
loc-东海-bd0df239,东海,東海，又稱東中國海、琉球海，是指長江出海口以南、歐亞大陸以東的大片海域，為太平洋西部的陸缘海之一。南接台灣海峽，北臨黃海以长江口北侧与韩国济州岛的连线为界，東臨太平洋，以日本九州和琉球群島為界。東海的面積是70餘萬平方公里，平均水深約在1…,30,125
loc-中欧-86407b83,中欧,中欧是欧洲的一个地理区域，介于东欧、南欧、西欧和北欧之间。该地区以其文化多样性而著称；不过，处于这一地区的国家在历史和习俗方面也有诸多的相似和共同点。 尽管中欧的定义有所不同，但通常包括奥地利、克罗地亚、捷克共和国、德国、匈牙利、列支敦士…,,
loc-五大湖-ff49707f,五大湖,五大湖（英語：Great Lakes）是位于加拿大与美国交界处的5個大型淡水湖泊，按面积从大到小分别为：苏必利尔湖（Lake Superior）、休伦湖（Lake Huron）、密歇根湖（Lake Michigan）、伊利湖（Lake E…,45,-84
loc-斯堪的纳维亚半岛-32399936,斯堪的纳维亚半岛,斯堪的（dì）纳维亚半岛（丹麥語：Skandinaviske halvø，瑞典語：Skandinaviska halvön，挪威語：Den skandinaviske halvøy，芬蘭語：Skandinavian niemimaa），位…,63,14
loc-北冰洋-2131e5c1,北冰洋,北冰洋（英語：Arctic Ocean）又稱北極海（Arctic Sea）、北大洋或北極洋，位於北極圈內，大致以北極點為中心。北冰洋是世界五大洋中最小最淺的。面積1405.6萬平方公里，約占世界大洋面積的3.6%。平均深度1200-130…,90,0
loc-布列塔尼半岛-dce58550,布列塔尼半岛,布列塔尼半岛（法語：Bretagne，發音：[bʁətaɲ] ；布列塔尼語：Breizh，發音：[brɛjs]或[bʁɛχ]；加洛語：Bertaèyn，發音：[bəʁtaɛɲ]）是法国西北部的一個半岛，歷史上文化及行政上的一個地區名稱。布…,48,-3
loc-亚得里亚海-07d88402,亚得里亚海,亚得里亚海（義大利語：Mar Adriatico，斯洛維尼亞語：Jadransko morje，克羅埃西亞語：Jadransko more，阿爾巴尼亞語：Deti Adriatik），是地中海的一部份水域，分隔了義大利半島（亞平寧半島）、…,43,15
loc-紐芬蘭與拉布拉多省-29cf51e2,紐芬蘭與拉布拉多省,紐芬蘭與拉布拉多省（英語：Newfoundland and Labrador，法語：Terre-Neuve-et-Labrador，舊稱紐芬蘭省），簡稱紐省，是加拿大的十個省之一。紐芬蘭與拉布拉多省由兩部分組成：位於北美大陸以東的纽芬兰岛…,53.23,-59.99916667
loc-昂加瓦灣-1c450620,昂加瓦灣,"昂加瓦灣是加拿大的海灣，位於該國東北部哈得遜海峽，長320公里、寬260公里，面積50,000平方公里，每年平均降雨量400至450毫米，最大水深300米。 外部連結 Across Arctic Ungava (1949) （页面存档备份…",59.5,-67.5
loc-溫尼伯湖-53db0392,溫尼伯湖,"溫尼伯湖（Lake Winnipeg）是北美洲中部的大型湖泊，面積為24,400平方公里，位於加拿大的曼尼托巴省溫尼伯市以北約55公里，是加拿大南部邊界最大的湖泊，也是加拿大南部未發展的原始水系一部分。 溫尼伯湖是加拿大第五大淡水湖，也是…",52.11666667,-97.25
loc-育空地區-c1cd291b,育空地區,"育空（英语、法语：Yukon）是加拿大13個一級行政區中的三個地区（Territory）之一，位於加拿大的西北方。根據2016年的人口普查，育空人口有35,874人，其中25,085人，70%的人居住於育空首府白马市（Whitehorse…",63,-135
loc-曼尼托巴省-ddd2e0d9,曼尼托巴省,曼尼托巴省（英语、法语：Manitoba，/ˌmænɪˈtoʊbə/ MAN-ih-TOH-bə），簡稱曼省或緬省，加拿大一級行政區，草原三省之一（另外两个是亞伯達省和薩克其萬省），也是加拿大人口第五多的省份，据估计约130万人。曼尼托巴…,55,-97
loc-衛吉島-fd8874dc,衛吉島,"衛吉島是印度尼西亞的島嶼，位於西巴布亞省，屬於拉賈安帕特群島四大島嶼之一，面積3,155平方公里，最高點接近海拔1,000米，群島其他主要島嶼有米蘇爾島、薩拉瓦蒂島和巴丹塔島。行政上由拉贾安帕特县管理，县治瓦伊赛位于岛南部，有马林达机场。",-0.2,130.83333333
loc-百內山脈-df52ed42,百內山脈,"百內山脈（西班牙語：Cordillera Paine）是智利的山脈，位於該國南部烏爾蒂馬埃斯佩蘭薩省，處於蓬塔阿雷納斯以北280公里，由百內國家公園負責管轄，最高點海拔高度3,050米。 參考資料 p.",-51,-73
loc-约瑟夫-哈维-赖利-e7704eb7,约瑟夫·哈维·赖利,约瑟夫·哈维·赖利（英語：Joseph Harvey Riley，1873年9月19日—1941年12月17日）是美国的一位鸟类学家。 赖利出生于弗吉尼亚州的福尔斯彻奇市。从1896年起直至其逝世，他一直是史密森尼学会的雇员。1932年，…,,
loc-johann-reinhold-forster-0321138b,Johann Reinhold Forster,Johann Reinhold Forster (German: [ˈfɔʁstɐ]; 22 October 1729 – 9 December 1798) was a German Reformed pastor and natural…,,
loc-奇洛埃群島-56642632,奇洛埃群島,奇洛埃群島（西班牙語：Archipiélago de Chiloé，發音：[tʃiloˈe]，当地发音：[ʃiloˈe]）是智利沿岸的群島，查考海峽把群島從智利大陸分隔， 主要島嶼有奇洛埃島、萊穆伊島、金查奧島和瓜佛島，2002年人口15…,-42.6,-73.95
loc-火地群岛-1862489f,火地群岛,"火地群岛（西班牙語：Archipiélago de Tierra del Fuego）是南美洲最南端的一个群岛，由主岛火地岛及周边小岛组成，总面积73,753平方公里。其主岛火地岛西半部以及其西、南部的全部岛屿均归属于智利境內麦哲伦-智利…",-54,-70
loc-圣马蒂亚斯湾-47d5ad21,圣马蒂亚斯湾,圣马蒂亚斯湾（西班牙語：Golfo San Matías）是阿根廷大西洋海岸一个海湾，北部和西部为内格罗河省，南为丘布特省的瓦尔德斯半岛，东与大西洋相通。沿岸主要城市为西圣安东尼奥（San Antonio Oeste）。海湾内渔业资源丰富。,-41.5,-64.5
loc-东亚-dee93913,东亚,東亞（英語：East Asia）泛指亚洲東部，具有地理及文化层面上的双重意义。东亚地区通常包括中国大陆、日本列岛、台湾岛、朝鲜半岛、海南岛、琉球群島和蒙古高原等地，面積约1170萬平方公里。东亚地区居住有16亿人口，占世界人口的22%，亦…,,
loc-北京市-a8e56248,北京市,北京市，简称“京”，旧称“北平”，中华人民共和国的首都及直辖市，是中国的政治、文化、科技、教育、军事和国际交往中心。北京是一座全球城市，是世界人口第三多的城市和人口最多的首都。北京位於華北平原的北部边缘，背靠燕山，毗邻天津市、河北省，为京…,39.90666667,116.3975
loc-云南省-f689e1a8,云南省,云南省，简称云或滇，因清代境內有迤东道、迤西道、迤南道三迤，故又簡稱迤，是中华人民共和国西南边疆地区的省份。云南地形复杂多变，以高原与山地为主，海拔落差大，呈“西北高、东南低”地势格局。气候类型多样，从高原气候到热带、亚热带气候均有分布，…,25.04944444,102.70888889
loc-重庆市-9bf8cb4d,重庆市,重庆市，简称渝，别称山城、江城、雾都、桥都，是中华人民共和国直辖市、国家中心城市、超大城市，川东地区中心城市，国家重要先进制造业中心、西部金融中心、西部国际综合交通枢纽和国际门户枢纽。全市面积8.24万平方千米，下辖37个区县（25区、8…,29.5637,106.5504
loc-santragachhi-44d402a8,Santragachhi,Santragachi is a neighbourhood in Howrah of Howrah district in the Indian state of West Bengal.,22.58017,88.26963
loc-錫爾赫特-9b5a98a6,錫爾赫特,锡尔赫特（孟加拉語：সিলেট，發音：[sileʈ] ；英語：Sylhet；又译锡莱特）為錫爾赫特專區及錫爾赫特縣的首府及主要城市，位於孟加拉國東北部，於2009年3月取得孟加拉都會城市(metropolitan city)的地位。錫爾赫…,24.9,91.86666667
loc-澳大拉西亞-3d7bd98e,澳大拉西亞,澳大拉西亚（英語：Australasia）一般指大洋洲的一个地区，包含了澳大利亚、新西兰和邻近的太平洋岛屿。 澳大拉西亚一詞是由法国學者布羅塞於1756年出版的《到南方陸地航行的歷史》（Histoire des navigations a…,-28.10888889,146.3
loc-安哥拉-5c186dec,安哥拉,安哥拉共和國（葡萄牙語：República de Angola），通稱安哥拉（葡萄牙語：Angola），是位于非洲西南部的國家，西濱大西洋，北及東北鄰剛果民主共和國，南鄰納米比亞，東南鄰尚比亞，另有一塊外飛地卡賓達省，位於剛果共和國和剛果…,-12.5,18.5
loc-赞比亚-5eceb6be,赞比亚,赞比亚共和国（英語：Republic of Zambia），也稱尚比亞（英語：Zambia），是非洲東南部的一個內陸國家。与刚果民主共和国、坦桑尼亚、马拉维、莫桑比克、津巴布韦、博茨瓦纳、纳米比亚和安哥拉相邻。首都是卢萨卡。 历史 二千年…,-15,30
loc-刚果民主共和国-310148a7,刚果民主共和国,剛果民主共和國（法語：République démocratique du Congo，簡寫為RDC）是位於非洲中部的國家，簡稱民主剛果（RD Congo）、剛果（金）（Congo-Kinshasa）。國家的陸地面積約234.5萬平方公里…,-3,24
loc-马拉维-83b8e25a,马拉维,马拉维共和国（英語：Republic of Malawi；齊切瓦語：Dziko la Malaŵi），通稱馬拉威（齊切瓦語：Malaŵi；英語：Malawi），是一個位於非洲東南部的內陸國家，鄰接贊比亞、莫桑比克及坦桑尼亞。國土位於南緯9…,-13.5,34
loc-莫桑比克-9371b65a,莫桑比克,莫桑比克共和国（葡萄牙語：República de Moçambique，發音：[ʁɛˈpuβlikɐ ðɨ musɐ̃ˈbikɨ]），舊譯作莫三鼻給，現通稱莫三比克或莫桑比克，位於非洲東部，临印度洋，隔莫桑比克海峡与马达加斯加相望，以葡…,-18.25,35
loc-坦桑尼亚-e32a94b9,坦桑尼亚,坦桑尼亚联合共和国（斯瓦希里語：Jamhuri ya Muungano wa Tanzania；英語：United Republic of Tanzania），通稱坦尚尼亞（斯瓦希里語和英語：Tanzania），是位于赤道以南的东非国家。…,-6,35
loc-乌干达-8bd6d93b,乌干达,烏干達共和國（斯瓦希里語：Jamhuri ya Uganda，英語：Republic of Uganda），通稱烏干達，是位於東非的內陸國家。 烏干達名稱來自於過去班圖人建立的布干達王國。歐洲列強在十九世紀後葉進入東非內陸後，烏干達在18…,1,32
loc-苏丹-2e3eec83,苏丹,蘇丹共和國（阿拉伯語：جمهورية السودان；Republic of the Sudan），通稱蘇丹（阿拉伯語：السودان，羅馬化：Sūdān，/suːˈdɑːn/或/suːˈdæn/），南蘇丹獨立後亦被稱為北蘇丹，是位於東北…,15,32
loc-開普省-a6fb3984,開普省,好望角省（阿非利卡語：Provinsie van die Kaap die Goeie Hoop，英語：Province of the Cape of Good Hope），通稱開普省（阿非利卡語：Kaapprovinsie，英語：Cap…,-31,22
loc-波札那-a47abf55,波札那,博茨瓦纳共和国（英語：Republic of Botswana；茨瓦納語：Lefatshe la Botswana），通稱博茨瓦纳（Botswana），是位於非洲南部的內陸國家，全國國境皆為乾燥的台地地形，卡拉哈里沙漠占据了该国大約70%…,-24.65833333,25.90833333
loc-纳米比亚-0e5bfcb6,纳米比亚,納米比亞共和國（德語：Republik Namibia，英語：Republic of Namibia），通稱納米比亞（Namibia），是位於南部非洲西面的共和國。它西部瀕臨大西洋，北部接壤贊比亞和安哥拉，東部連接博茨瓦纳，而在南部則與南…,-22,17
loc-胡寧-秘魯-91200b0e,胡寧 (秘魯),"胡寧（西班牙語：Junín），是秘魯的城鎮，位於該國中部胡寧大區，處於胡寧湖南岸，是胡寧省的首府，1824年8月6日發生秘魯獨立鬥爭的胡寧戰役（Battle of Junín），海拔高度4,107米，2005年人口5,000。",-11.15,-75.98333333
loc-安托法加斯塔-677a914b,安托法加斯塔,安托法加斯塔（西班牙語：Antofagasta 西班牙語發音：[antofaˈɣasta] ），智利北部著名海港，濒临太平洋。该城是安托法加斯塔大区和安托法加斯塔省的首府，人口约30万人。 安托法加斯塔处于阿塔卡马沙漠中，年均降水量不足4…,-23.65,-70.4
loc-胡胡伊省-d778cf3a,胡胡伊省,胡胡伊（西班牙語：Jujuy，發音：[xuˈxuj]）是位於阿根廷最西北部的一個省，其邊境與智利和玻利維亞接壤。在阿根廷內，胡胡伊唯一的鄰近省份是其東和南邊的薩爾塔省。 歷史 前哥倫布時期，當地原住民和後來在印加帝國擴張時到達的印加人通婚…,-23.75,-65.5
loc-新斯科舍省-4de7d31b,新斯科舍省,"諾華斯高沙省（英語：Nova Scotia；法語：Nouvelle-Écosse），又称新苏格兰，是加拿大東南岸的省份，面積55,283平方公里，是全國第二小的省份。该省主要包括新斯科舍半岛和北部的布雷顿角岛。 根據2016年的統計資料顯…",45,-63
loc-阿巴拉契亚山脉-22522e02,阿巴拉契亚山脉,阿巴拉契亚山脉（英語：Appalachian Mountains，發音：/ˌæpəˈleɪʃ(i)ən/ AP-ə-LAY-sh(ee-)ən），又譯阿帕拉契山脉，是北美洲东部的一座山系。南起美国的阿拉巴马州，北至加拿大的纽芬兰和拉布拉多…,,
loc-新不倫瑞克省-358033a0,新不倫瑞克省,新不伦瑞克省（英語：New Brunswick；法語：Nouveau-Brunswick），簡稱新省，是加拿大大西洋地区的一个省级行政区，全省人口逾77萬，英语和法语同为新不伦瑞克的官方语言，约65%的人口說英语、32%的人口說法语，是次…,46.5,-66
loc-pea-island-e4cd4894,Pea Island,Pea Island is a barrier island which is part of the Outer Banks of North Carolina.,35.723,-75.496
loc-北卡罗来纳州-dbd731ee,北卡罗来纳州,北卡罗来纳州（英語：State of North Carolina），簡稱北卡，是位於美國南部區域大西洋海岸的一州。別稱「柏油脚跟州」或「舊北州」。下轄100個郡。州府為罗利，最大的城市為夏洛特。 北卡罗来纳州是最初北美十三殖民地之一，和…,36,-80
loc-亞利桑那州-20ba70c8,亞利桑那州,"亞利桑那州（英語：Arizona，/ɛərɪˈzoʊnə, ærɪ-/）是美國一個位於西南部的州份，同時也是西部和山區州份之一。此州是美國面積第6大及人口第14大的州份。首府和最大城市是鳳凰城。亞利桑那州也是四角落州之一，與新墨西哥州、猶…",35,-112
loc-马来群岛-3100de1d,马来群岛,馬來群島（英語：Malay Archipelago）或努山塔拉群島（英語：Nusantara Archipelago）是一组散布于印度洋和太平洋上，位於东南亚大陸和澳大利亚之间的群島。該群島由2万多个岛屿组成，是世界上面积最大的群岛。群岛…,,
loc-mark-brazil-499bbc40,Mark Brazil,"Dr Mark Andrew Brazil (born 8 June 1955) is a naturalist, conservationist, author and journalist, particularly noted fo…",,
loc-日本時報-726b5814,日本時報,日本時報（The Japan Times，ジャパンタイムズ）是一家總部位於日本東京都港區、專辦英文報紙與英文雜誌書籍等出版品的報社。創刊於1897年的日本時報，是日本現存的英文報紙中歷史最悠久的一份。日本時報的販賣網，在愛知縣、岐阜縣與三…,,
loc-湖区-06afe79d,湖区,湖區（英語：Lake District）是英國西北英格蘭金巴倫郡的一片鄉村地区，是一個度假勝地，以湖泊與群山，并因19世纪初诗人华兹华斯的作品以及湖畔诗人（Lake Poets）而著称。这个区域游客较多的中心地带被辟为湖區國立公園（Lak…,54.5,-3.16666667
loc-奔宁山脉-048cf56b,奔宁山脉,"奔宁山脉（英語：the Pennines）是英國北部的主要山脉，有“英格兰的脊梁”之称。北起南泰恩河谷地，南至特伦特河谷地，全长241公里（150英里），平均宽度约为48公里（30英里）。最高峰斯科費爾峰，海拔978米（3,209英尺）。",54.70277778,-2.48722222
loc-南蘇丹-d1d02289,南蘇丹,南蘇丹共和國（英語：Republic of South Sudan），通稱南蘇丹（英語：South Sudan），是非洲東北部一個內陸國家，2011年從蘇丹獨立。東面是埃塞俄比亞，南面是剛果民主共和國、肯亞和烏干達，西面是中非共和國，北面…,8,30
loc-奈及利亞-df32ce50,奈及利亞,奈及利亞聯邦共和國（英語：Federal Republic of Nigeria），通称奈及利亞（英語：Nigeria），是西非國家，位於非洲的幾內亞灣西岸頂點，鄰國包括西邊的贝宁，北邊的尼日尔，東北方與乍得接壤一小段國界，正東則是喀麥隆…,8,10
loc-喀麦隆-9d17d92e,喀麦隆,喀麥隆共和國（法語：République du Cameroun；英語：Republic of Cameroon），通稱喀麥隆（法語：Cameroun；英語：Cameroon），是位於非洲中西部的單一制共和國。喀麥隆西方與奈及利亞接壤，東…,6,12
loc-加蓬-a88afb98,加蓬,加彭共和國（法語：République gabonaise），通稱加彭（Gabon），是位於非洲中西部的国家。其西面是几内亚湾、西北是赤道几内亚、北面是喀麦隆、东面和南面由刚果共和國包围。國土面积有近27万平方公里，人口有239.7万人。…,-1,12
loc-加罗林群岛-664ee327,加罗林群岛,加罗林群岛（英語：Caroline Islands），也译作加羅蓮群島，是太平洋西北部一个重要的群岛，位于巴布亚新几内亚东北，菲律宾正东，由500餘小岛和珊瑚礁组成。除西端的帕劳自成一国外，其余岛屿均属密克罗尼西亚联邦。歷史上此區域又被稱…,7,147
loc-法屬玻里尼西亞-bef4bb40,法屬玻里尼西亞,法屬玻里尼西亞（法語：Polynésie française，發音：[pɔlinezi fʁɑ̃sɛz] ；塔西提语：Pōrīnetia Farāni）是法國在南太平洋的海外集體，由幾組玻里尼西亞群島組成，包括：馬克薩斯群島、社會群島、土…,-17.53333333,-149.56666667
loc-美國南部-ed383ca6,美國南部,美國南部（英語：Southern United States，或 American South）也經常被簡稱為美南、迪克西、或直接稱為南部，構成了美國南部至東南部的一片廣大地區。這個地區帶有相當特殊的文化和歷史背景，包括了早期歐洲殖民時期…,,
loc-northern-mexico-8fb6f0d1,Northern Mexico,"Northern Mexico (Spanish: el Norte de México, pronounced [el ˈnoɾte ðe ˈmexiko] ), commonly referred as The North (Span…",,
loc-紐埃-7c120b8d,紐埃,"紐埃（纽埃语：Niuē）是位於太平洋中南部岛国，距离新西兰北部2,400公里；以西为汤加、以北为萨摩亚、以东为库克群岛。纽埃国土爲一橢圓形島嶼以及周圍的珊瑚礁環繞组成，面積260平方公里。2022年時人口約2000人，種族屬波利尼西亞人。…",-19.05,-169.85
loc-新西蘭國家廣播電台-59129953,新西蘭國家廣播電台,新西蘭國家廣播電台（毛利語：Te Reo Irirangi o Aotearoa / 英語：Radio New Zealand），通常簡稱為“RNZ”或“Radio NZ”，是新西蘭的一家公共廣播機構和皇家實體。該機構依據《1995年新西…,-41.285,174.77416667
loc-衛報-0f64366b,衛報,《衛報》（英語：The Guardian），是英國的全國性綜合內容日報。1819年英国爆發彼得盧屠殺事件，創刊人英國記者約翰·愛德華·泰勒为揭露事件的事實，于1821年创办《曼徹斯特衛報》，因總部設於曼徹斯特而得该名。1855年改為日報。…,,
loc-阿迪朗达克山脉-c01c2b0a,阿迪朗达克山脉,阿迪朗達克山脈（英語：Adirondack Mountains，/ædəˈrɒndæk/; ad-ə-RON-dak）是美國紐約州東北部的一處山地，位於聖羅倫斯河（北）、莫華克河谷（南）、安大略湖（西）和尚普蘭湖－喬治湖（東）之間。最高點…,44.1125,-73.92388889
loc-伊利诺伊州-276e690e,伊利诺伊州,伊利諾州（英語：State of Illinois，/ˌɪləˈnɔɪ/），簡稱伊州，是一個位于美国中西部的州，州名源自曾在此居住的伊利尼維克（Illiniwek）印第安人部落。「Illinois」這個名字就是法國殖民者根據此部落名稱變形…,40,-89
loc-密西根州-a00d4add,密西根州,密西根州（英語：State of Michigan）是美国的一个州，位於五大湖地區，東面與加拿大首都渥太华的所在地安大略省接壤。其邮政缩写是 MI。首府為蘭辛，最大城市為底特律。 密西根州傳統上屬於美國的中西部的心臓地帶，密芝根州南部與鄰…,44,-85
loc-新泽西州-b2cfd87f,新泽西州,紐澤西州（英語：State of New Jersey），是美國第四小以及人口密度最高的州，邮政縮寫NJ。其命名源自位於英吉利海峽中的澤西島；其暱稱為“花園州”。 紐澤西通常被劃分在美国的中大西洋地區；亦為东部的一个州；也可以劃分為東北部…,40,-74.5
loc-俄亥俄州-8e29cc14,俄亥俄州,俄亥俄州（英語：State of Ohio），位于美國中西部，是五大湖地区的组成部分。俄亥俄州处于美国文化和地理的交叉口，州民来自新英格兰、美国中部、阿巴拉契亚和美国上南部等地区。俄亥俄州是第一个依據《西北土地法令》（Northwest…,40,-83
loc-康乃狄克州-7bfbf062,康乃狄克州,康乃狄克州（英語：State of Connecticut），簡稱康州，是美國東北部的一州，也是新英格蘭區域中最南的一州。在美國獨立戰爭時期，是13州聯盟之一。州花山桂，州鸟美洲知更鸟，州树北美白橡。美國海軍曾以該州名稱分別命名康乃狄克号…,41.6,-72.7
loc-佛蒙特州-c8fe5a99,佛蒙特州,佛蒙特州（英語：State of Vermont，/vərˈmɒnt/)）是美国第14个州，境內出產奶制品以及枫糖浆。 佛蒙特總共擁有14個郡，轄下有255個政治單位或地區，其中有237個為城鎮、9個為城市、5個為非建制區域。,44,-72.7
loc-南达科他州-7f25f8cd,南达科他州,南達科他州（英語：State of South Dakota），簡稱南達州，是美國中西部平原上地勢較高的一州，過去曾是美國印地安人蘇族中拉科他族（Lakota）的聚落所在。南達科他州在1889年11月2日加入美國聯邦，也是在同一天被命名的…,44,-100
loc-西維吉尼亞州-cedd81bf,西維吉尼亞州,西維珍尼亞州（英語：State of West Virginia），簡稱西弗州，是美國東部的一個州，有著名的阿帕拉契山脈，別稱為「山脈之州」。 西維珍尼亞是在美國南北戰爭時期由當時的維吉尼亞州所分裂出來的。現仍有相當多人認為西維吉尼亞州屬…,39,-80
loc-缅因州-36fdd191,缅因州,缅因州（英語：State of Maine；法語：État du Maine）是美國東北部新英格蘭的一个州，北鄰加拿大魁北克省，東鄰加拿大新不倫瑞克省以及大西洋，西靠美國新罕布什爾州。 名稱 緬因州的名稱來歷並無統一的說法。2001年緬因…,45,-69
loc-缅因湾-1b612867,缅因湾,缅因湾（英語：Gulf of Maine）是大西洋西部、美国和加拿大之间的一个大海湾，湾内最大水深200米，自然环境好，又有陆上径流注入，鱼类资源丰富。美国和加拿大在60至70年代曾为该地区的大陆架划界和渔业资源发生过争执，由国际法院于8…,43,-68
loc-弗吉尼亚州-998752b8,弗吉尼亚州,維珍尼亞州（英語：Commonwealth of Virginia）是美国东部的一个州，美国开国十三州之一。 維珍尼亚邦域范围位于北纬36°31'至39°37'，西经75°13'至83°37'之间，其北部地区与美国政治中心华盛顿哥伦比亚特…,38,-79
loc-回水區-1ef2bdd6,回水區,回水區是指河流中水流微弱甚至沒有水流的區域。它可以是主河道旁的一條支流或側流，最終會重新匯入主流；也可以是主河道內的一段積水區，因海潮倒灌或遇到阻礙物（如水壩）而形成的水體。人工設施對自然水流的限制，或是臨時性的自然阻礙（如冰塞、植物堵塞…,,
loc-温带阔叶混交林-fc0864f2,温带阔叶混交林,温带阔叶混交林是一种温带陆地生物群系，位于阔叶树生态区，和针叶树与阔叶树的针叶混交林生态区。 “温带阔叶混交林”这一术语，由世界自然基金会（WWF）使用，在全球生物地理学中，作为组织生态区的生物群落之一。,,
loc-河流-f3845624,河流,河流（江、河）是自然汇入海洋、湖泊的流水，通常为淡水。在少数情况下，河流流入地下或者在汇入另一水体之前便干涸。河流有時會匯入另一條河流。较小的河流可能会被称作溪流、支流等。 河流是水循环的一环。河流中的水主要来自其流域降水形成的地表径流和…,,
loc-加拉帕戈斯群岛-cf5a247b,加拉帕戈斯群岛,加拉帕戈斯群岛（西班牙語：islas Galápagos，台湾译加拉巴哥群島），又称科隆群岛（西班牙語：archipiélago de Colón，其为厄瓜多尔官方名称），是东太平洋接近赤道的火山群岛，由厄瓜多尔加拉帕戈斯省所轄，面积79…,-0.5,-90.5
loc-波兰-c1c47786,波兰,"波兰共和国（波蘭語：Rzeczpospolita Polska），通称波兰（Polska），是位於中欧和东欧的國家，首都及最大城市为华沙。国土面積313,933平方公里，位居歐洲第十；人口約3,763萬人，位居歐洲第九、欧盟第五。波蘭南邊…",52,20
loc-美國中西部-8859bce5,美國中西部,美國中西部（英語：Midwest）通常指的是美國地理上中北部的地区，根據美國人口普查局的定義，其包括美國中北部的12個州：伊利諾州、印第安納州、愛荷華州、堪薩斯州、密西根州、明尼蘇達州、密蘇里州、內布拉斯加州、北達科他州、俄亥俄州、南達科…,,
loc-太平洋-943dc9d9,太平洋,太平洋（英語：Pacific Ocean）是地球上五大洋中面積最大的洋，面積約為1.65億平方公里，從北冰洋一直延伸至南冰洋，西側為亞洲，西南為大洋洲，東面為美洲。它覆蓋了地球約46%的水面和32%的總面積，超過所有陸地面積的總和。赤道將…,0,-160
loc-夏威夷州-5f117d67,夏威夷州,"夏威夷州（夏威夷語：Mokuʻāina o Hawaiʻi，英語：State of Hawaii），是美利堅合眾國的州份之一，由夏威夷群島組成，距離美國本土3,700公里，屬於太平洋沿岸地區；所屬的大洲則是大洋洲。在1778至1898年間…",21.5,-158
loc-洋-962067f7,洋,"洋即大洋，是地球海洋的主体，为海洋的中心部分。世界大洋的总面积约占海洋面积的89%。大洋的水深一般在3,000米以上，最深处可达1万多米。大洋离陆地远，不受陆地的影响，其水文和盐度的变化不大，每个大洋都有自己独特的洋流和潮汐系统。大洋的水…",,
loc-犹他州-2bc19fe7,犹他州,犹他州（英語：State of Utah）是美国西部的一个州。於1896年1月4日成為美國第45個州。犹他州是美国面积第13大的州、人口排行第33和人口密度倒数第10名的州。犹他州行政區劃一共有29個郡。全州人口共约320万（2019年人…,39,-111
loc-密西西比州-7b5c3fa1,密西西比州,密西西比州（英語：State of Mississippi）是美國東南部及深南地區的一個州。北鄰田納西州，東接阿拉巴馬州，南鄰墨西哥灣，西南與路易斯安那州接壤，西北則與阿肯色州相鄰。密西西比州的西部邊界大致由密西西比河或其歷史河道所界定。…,33,-90
